"","sub","item","cond","seq","word","word_line","wordID","line","FFD","SFD","GD","TVT","nfix1","nfix2","nfixAll","regress","deg","prev","N1","N"
"10",1,2,2,120,5,5,"another",1,317,NA,464,706,2,1,3,1,"0","orth",0,1
"17",1,3,3,16,4,4,"remove",1,308,308,308,550,1,1,2,1,"0","mask",0,1
"27",1,4,4,123,7,7,"designer",1,203,NA,346,346,2,0,2,0,"20","valid",0,1
"42",1,6,6,13,7,7,"streams",1,315,315,315,594,1,2,3,1,"20","mask",0,1
"51",1,7,1,44,7,7,"recent",1,325,325,325,325,1,0,1,0,"0","valid",0,1
"58",1,8,2,71,11,11,"local",1,205,205,205,205,1,0,1,0,"0","orth",0,1
"70",1,9,3,131,13,13,"loud",1,NA,NA,NA,309,0,1,1,1,"0","mask",0,1
"77",1,10,4,136,10,10,"proper",1,218,218,218,218,1,0,1,0,"20","valid",0,1
"82",1,11,5,24,4,4,"fancy",1,148,148,148,148,1,0,1,0,"20","orth",0,1
"99",1,13,1,130,4,4,"their",1,248,248,248,248,1,0,1,0,"0","valid",0,1
"110",1,14,2,64,7,7,"helped",1,174,174,174,725,1,3,4,1,"0","orth",0,1
"124",1,16,4,20,10,10,"quick",1,163,163,163,163,1,0,1,0,"20","valid",0,1
"131",1,17,5,56,5,5,"dramatic",1,167,167,167,490,1,2,3,1,"20","orth",0,1
"139",1,18,6,124,5,5,"ripped",1,271,NA,387,387,2,0,2,0,"20","mask",0,1
"144",1,19,1,104,5,5,"chimney",1,295,295,295,295,1,0,1,0,"0","valid",0,1
"154",1,20,2,133,9,9,"strange",1,201,NA,660,660,3,0,3,0,"0","orth",0,1
"162",1,21,3,86,8,8,"quietly",1,248,248,248,248,1,0,1,0,"0","mask",0,1
"169",1,22,4,5,9,9,"broken",1,170,170,170,555,1,2,3,1,"20","valid",0,1
"176",1,23,5,116,4,4,"tender",1,185,185,185,185,1,0,1,0,"20","orth",0,1
"190",1,25,1,87,4,4,"seemed",1,146,146,146,146,1,0,1,0,"0","valid",0,1
"207",1,27,3,94,4,4,"looked",1,167,167,167,683,1,2,3,1,"0","mask",0,1
"214",1,28,4,54,4,4,"crisp",1,232,232,232,397,1,1,2,1,"20","valid",0,1
"224",1,29,5,85,7,7,"quickly",1,169,169,169,169,1,0,1,0,"20","orth",0,1
"239",1,31,1,92,5,5,"brown",1,209,209,209,209,1,0,1,0,"0","valid",0,1
"248",1,32,2,3,6,6,"distinct",1,246,246,246,246,1,0,1,0,"0","orth",0,1
"259",1,33,3,43,8,8,"green",1,NA,NA,NA,115,0,1,1,1,"0","mask",0,1
"268",1,34,4,6,6,6,"record",1,187,187,187,712,1,1,2,1,"20","valid",0,1
"279",1,35,5,12,7,7,"first",1,188,188,188,188,1,0,1,0,"20","orth",0,1
"286",1,36,6,112,6,6,"funny",1,171,171,171,171,1,0,1,0,"20","mask",0,1
"297",1,37,1,90,10,10,"charging",1,182,NA,314,422,2,1,3,1,"0","valid",0,1
"302",1,38,2,47,7,7,"running",1,265,265,265,265,1,0,1,0,"0","orth",0,1
"309",1,39,3,129,7,7,"scented",1,190,190,190,403,1,1,2,1,"0","mask",0,1
"317",1,40,4,4,9,9,"losing",1,168,168,168,168,1,0,1,0,"20","valid",0,1
"324",1,41,5,58,5,5,"bottom",1,235,235,235,552,1,1,2,1,"20","orth",0,1
"333",1,42,6,53,7,7,"still",1,218,218,218,218,1,0,1,0,"20","mask",0,1
"344",1,44,2,106,6,6,"sudden",1,181,181,181,181,1,0,1,0,"0","orth",0,1
"367",1,48,6,82,4,4,"couldn't",1,NA,NA,NA,169,0,1,1,1,"20","mask",0,1
"375",1,49,1,93,9,9,"special",1,190,190,190,464,1,1,2,1,"0","valid",0,1
"394",1,51,3,42,10,10,"carving",1,225,225,225,417,1,1,2,1,"0","mask",0,1
"398",1,52,4,88,5,5,"small",1,174,174,174,174,1,0,1,0,"20","valid",0,1
"404",1,53,5,84,5,5,"empty",1,189,189,189,189,1,0,1,0,"20","orth",0,1
"415",1,54,6,26,9,9,"luxury",1,172,172,172,733,1,2,3,1,"20","mask",0,1
"422",1,55,1,15,8,8,"people",1,176,176,176,176,1,0,1,0,"0","valid",0,1
"428",1,56,2,66,7,7,"mutual",1,254,254,254,254,1,0,1,0,"0","orth",0,1
"458",1,60,6,32,4,4,"never",1,237,NA,408,552,2,1,3,1,"20","mask",0,1
"469",1,61,1,96,9,9,"thick",1,147,147,147,147,1,0,1,0,"0","valid",0,1
"477",1,62,2,37,8,8,"finished",1,214,214,214,214,1,0,1,0,"0","orth",0,1
"483",1,63,3,67,7,7,"good",1,181,181,181,181,1,0,1,0,"0","mask",0,1
"492",1,64,4,91,10,10,"home",1,179,179,179,371,1,1,2,1,"20","valid",0,1
"500",1,65,5,119,7,7,"white",1,201,201,201,201,1,0,1,0,"20","orth",0,1
"507",1,66,6,132,6,6,"properly",1,272,272,272,272,1,0,1,0,"20","mask",0,1
"515",1,67,1,72,6,6,"utter",1,456,456,456,456,1,0,1,0,"0","valid",0,1
"525",1,68,2,19,10,10,"small",1,185,185,185,185,1,0,1,0,"0","orth",0,1
"530",1,69,3,22,7,7,"blue",1,380,380,380,380,1,0,1,0,"0","mask",0,1
"538",1,70,4,38,12,12,"longer",1,347,347,347,347,1,0,1,0,"20","valid",0,1
"543",1,71,5,115,6,6,"avoid",1,252,252,252,252,1,0,1,0,"20","orth",0,1
"549",1,72,6,36,4,4,"eternal",1,294,294,294,527,1,1,2,1,"20","mask",0,1
"556",1,73,1,109,6,6,"expected",1,217,217,217,767,1,2,3,1,"0","valid",0,1
"562",1,74,2,34,5,5,"short",1,213,213,213,213,1,0,1,0,"0","orth",0,1
"580",1,76,4,50,6,6,"somehow",1,258,258,258,725,1,2,3,1,"20","valid",0,1
"587",1,77,5,31,6,6,"contact",1,233,233,233,233,1,0,1,0,"20","orth",0,1
"594",1,78,6,35,7,7,"constant",1,170,NA,380,380,2,0,2,0,"20","mask",0,1
"600",1,79,1,80,9,9,"house",1,168,168,168,168,1,0,1,0,"0","valid",0,1
"607",1,80,2,63,6,6,"friendly",1,249,249,249,249,1,0,1,0,"0","orth",0,1
"630",1,83,5,77,8,8,"brass",1,268,268,268,268,1,0,1,0,"20","orth",0,1
"640",1,84,6,73,6,6,"several",1,651,651,651,651,1,0,1,0,"20","mask",0,1
"649",1,85,1,125,6,6,"dense",1,417,417,417,417,1,0,1,0,"0","valid",0,1
"657",1,86,2,45,4,4,"great",1,176,176,176,176,1,0,1,0,"0","orth",0,1
"667",1,87,3,99,9,9,"slight",1,225,225,225,368,1,1,2,1,"0","mask",0,1
"676",1,88,4,97,11,11,"wild",1,145,145,145,145,1,0,1,0,"20","valid",0,1
"688",1,90,6,74,4,4,"good",1,161,161,161,161,1,0,1,0,"20","mask",0,1
"704",1,92,2,7,8,8,"their",1,461,NA,739,739,2,0,2,0,"0","orth",0,1
"711",1,93,3,69,8,8,"clothes",1,177,177,177,177,1,0,1,0,"0","mask",0,1
"717",1,94,4,103,5,5,"rising",1,238,238,238,520,1,1,2,1,"20","valid",0,1
"727",1,95,5,128,7,7,"social",1,179,179,179,179,1,0,1,0,"20","orth",0,1
"734",1,96,6,17,5,5,"light",1,165,165,165,165,1,0,1,0,"20","mask",0,1
"753",1,98,2,62,9,9,"ocean",1,251,251,251,251,1,0,1,0,"0","orth",0,1
"757",1,99,3,2,3,3,"left",1,NA,NA,NA,326,0,1,1,1,"0","mask",0,1
"767",1,100,4,48,6,6,"peaceful",1,228,228,228,349,1,1,2,1,"20","valid",0,1
"773",1,101,5,25,4,4,"finally",1,141,141,141,141,1,0,1,0,"20","orth",0,1
"781",1,102,6,105,7,7,"stomach",1,339,339,339,526,1,1,2,1,"20","mask",0,1
"785",1,103,1,46,7,7,"fist",1,158,158,158,483,1,2,3,1,"0","valid",0,1
"796",1,104,2,68,10,10,"last",1,192,192,192,192,1,0,1,0,"0","orth",0,1
"801",1,105,3,27,5,5,"large",1,159,159,159,416,1,1,2,1,"0","mask",0,1
"808",1,106,4,79,6,6,"gorgeous",1,203,203,203,203,1,0,1,0,"20","valid",0,1
"816",1,107,5,40,7,7,"first",1,261,261,261,907,1,2,3,1,"20","orth",0,1
"822",1,108,6,83,5,5,"plastic",1,201,201,201,201,1,0,1,0,"20","mask",0,1
"831",1,109,1,89,5,5,"would",1,198,198,198,314,1,1,2,1,"0","valid",0,1
"842",1,110,2,95,6,6,"ripe",1,174,174,174,174,1,0,1,0,"0","orth",0,1
"847",1,111,3,61,5,5,"before",1,136,NA,709,709,3,0,3,0,"0","mask",0,1
"853",1,112,4,10,3,3,"applied",1,360,360,360,360,1,0,1,0,"20","valid",0,1
"869",1,114,6,122,4,4,"tavern",1,255,255,255,255,1,0,1,0,"20","mask",0,1
"881",1,115,1,23,7,7,"eaten",1,164,164,164,164,1,0,1,0,"0","valid",0,1
"889",1,116,2,113,6,6,"land",1,247,247,247,397,1,1,2,1,"0","orth",0,1
"894",1,117,3,70,5,5,"feel",1,220,220,220,220,1,0,1,0,"0","mask",0,1
"901",1,118,4,138,5,5,"snow",1,NA,NA,NA,182,0,1,1,1,"20","valid",0,1
"910",1,119,5,9,8,8,"great",1,87,87,87,286,1,1,2,1,"20","orth",0,1
"921",1,120,6,59,6,6,"could",1,185,NA,350,513,2,1,3,1,"20","mask",0,1
"932",1,121,1,14,7,7,"grassy",1,171,NA,375,565,2,1,3,1,"0","valid",0,1
"938",1,122,2,135,5,5,"horrible",1,190,NA,325,325,2,0,2,0,"0","orth",0,1
"960",1,125,5,111,3,3,"produced",1,597,597,597,935,1,1,2,1,"20","orth",0,1
"967",1,126,6,117,8,8,"support",1,250,250,250,541,1,2,3,1,"20","mask",0,1
"974",1,127,1,11,8,8,"great",1,227,227,227,227,1,0,1,0,"0","valid",0,1
"979",1,128,2,55,3,3,"victim's",1,406,406,406,901,1,2,3,1,"0","orth",0,1
"989",1,129,3,39,4,4,"lying",1,236,236,236,656,1,2,3,1,"0","mask",0,1
"998",1,130,4,107,11,11,"salt",1,282,282,282,282,1,0,1,0,"20","valid",0,1
"1005",1,131,5,57,8,8,"ugly",1,174,174,174,174,1,0,1,0,"20","orth",0,1
"1013",1,132,6,121,6,6,"clean",1,456,456,456,796,1,2,3,1,"20","mask",0,1
"1019",1,133,1,29,7,7,"short",1,169,169,169,169,1,0,1,0,"0","valid",0,1
"1027",1,134,2,41,5,5,"child",1,209,209,209,640,1,2,3,1,"0","orth",0,1
"1036",1,135,3,21,5,5,"slow",1,212,212,212,574,1,2,3,1,"0","mask",0,1
"1045",1,136,4,18,6,6,"wealthy",1,326,326,326,326,1,0,1,0,"20","valid",0,1
"1051",1,137,5,118,4,4,"judge",1,212,212,212,464,1,1,2,1,"20","orth",0,1
"1060",1,138,6,76,8,8,"funky",1,156,156,156,156,1,0,1,0,"20","mask",0,1
"1066",2,1,2,110,7,7,"were",1,262,262,262,262,1,0,1,0,"0","orth",0,1
"1070",2,2,3,120,5,5,"another",1,204,204,204,204,1,0,1,0,"0","mask",0,1
"1084",2,4,5,123,7,7,"designer",1,181,181,181,181,1,0,1,0,"20","orth",0,1
"1100",2,6,1,13,7,7,"streams",1,195,195,195,390,1,1,2,1,"0","valid",0,1
"1108",2,7,2,44,7,7,"recent",1,320,320,320,320,1,0,1,0,"0","orth",0,1
"1117",2,8,3,71,11,11,"local",1,194,194,194,487,1,1,2,1,"0","mask",0,1
"1136",2,10,5,136,10,10,"proper",1,196,196,196,196,1,0,1,0,"20","orth",0,1
"1151",2,13,2,130,4,4,"their",1,176,176,176,176,1,0,1,0,"0","orth",0,1
"1162",2,14,3,64,7,7,"helped",1,183,183,183,342,1,1,2,1,"0","mask",0,1
"1185",2,17,6,56,5,5,"dramatic",1,326,326,326,921,1,3,4,1,"20","mask",0,1
"1196",2,18,1,124,5,5,"ripped",1,NA,NA,NA,208,0,1,1,1,"0","valid",0,1
"1203",2,19,2,104,5,5,"chimney",1,227,NA,434,730,2,2,4,1,"0","orth",0,1
"1211",2,20,3,133,9,9,"strange",1,189,189,189,366,1,1,2,1,"0","mask",0,1
"1217",2,21,4,86,8,8,"quietly",1,175,175,175,175,1,0,1,0,"20","valid",0,1
"1223",2,22,5,5,9,9,"broken",1,NA,NA,NA,156,0,1,1,1,"20","orth",0,1
"1234",2,24,1,127,5,5,"strange",1,211,211,211,211,1,0,1,0,"0","valid",0,1
"1241",2,25,2,87,4,4,"seemed",1,203,203,203,203,1,0,1,0,"0","orth",0,1
"1246",2,26,3,100,4,4,"long",1,161,161,161,161,1,0,1,0,"0","mask",0,1
"1254",2,27,4,94,4,4,"looked",1,NA,NA,NA,289,0,1,1,1,"20","valid",0,1
"1262",2,28,5,54,4,4,"crisp",1,194,194,194,194,1,0,1,0,"20","orth",0,1
"1271",2,29,6,85,7,7,"quickly",1,306,306,306,733,1,2,3,1,"20","mask",0,1
"1276",2,30,1,28,3,3,"large",1,NA,NA,NA,191,0,1,1,1,"0","valid",0,1
"1284",2,31,2,92,5,5,"brown",1,184,184,184,184,1,0,1,0,"0","orth",0,1
"1291",2,32,3,3,6,6,"distinct",1,190,190,190,190,1,0,1,0,"0","mask",0,1
"1303",2,33,4,43,8,8,"green",1,316,316,316,316,1,0,1,0,"20","valid",0,1
"1314",2,34,5,6,6,6,"record",1,192,192,192,192,1,0,1,0,"20","orth",0,1
"1323",2,35,6,12,7,7,"first",1,309,309,309,309,1,0,1,0,"20","mask",0,1
"1340",2,37,2,90,10,10,"charging",1,268,268,268,268,1,0,1,0,"0","orth",0,1
"1346",2,38,3,47,7,7,"running",1,192,192,192,192,1,0,1,0,"0","mask",0,1
"1350",2,39,4,129,7,7,"scented",1,175,175,175,175,1,0,1,0,"20","valid",0,1
"1356",2,40,5,4,9,9,"losing",1,199,199,199,199,1,0,1,0,"20","orth",0,1
"1362",2,41,6,58,5,5,"bottom",1,177,177,177,177,1,0,1,0,"20","mask",0,1
"1372",2,42,1,53,7,7,"still",1,203,203,203,203,1,0,1,0,"0","valid",0,1
"1381",2,44,3,106,6,6,"sudden",1,185,185,185,185,1,0,1,0,"0","mask",0,1
"1390",2,46,5,65,4,4,"come",1,168,168,168,359,1,1,2,1,"20","orth",0,1
"1397",2,47,6,60,6,6,"evil",1,176,176,176,385,1,1,2,1,"20","mask",0,1
"1400",2,48,1,82,4,4,"couldn't",1,140,140,140,140,1,0,1,0,"0","valid",0,1
"1407",2,49,2,93,9,9,"special",1,241,241,241,241,1,0,1,0,"0","orth",0,1
"1414",2,50,3,98,7,7,"first",1,303,303,303,303,1,0,1,0,"0","mask",0,1
"1424",2,51,4,42,10,10,"carving",1,190,190,190,190,1,0,1,0,"20","valid",0,1
"1429",2,52,5,88,5,5,"small",1,208,208,208,436,1,1,2,1,"20","orth",0,1
"1436",2,53,6,84,5,5,"empty",1,240,240,240,240,1,0,1,0,"20","mask",0,1
"1452",2,55,2,15,8,8,"people",1,179,179,179,349,1,1,2,1,"0","orth",0,1
"1455",2,56,3,66,7,7,"mutual",1,180,180,180,347,1,1,2,1,"0","mask",0,1
"1492",2,61,2,96,9,9,"thick",1,185,185,185,185,1,0,1,0,"0","orth",0,1
"1498",2,62,3,37,8,8,"finished",1,224,NA,316,316,2,0,2,0,"0","mask",0,1
"1503",2,63,4,67,7,7,"good",1,385,385,385,385,1,0,1,0,"20","valid",0,1
"1515",2,64,5,91,10,10,"home",1,NA,NA,NA,179,0,1,1,1,"20","orth",0,1
"1534",2,67,2,72,6,6,"utter",1,202,202,202,202,1,0,1,0,"0","orth",0,1
"1545",2,69,4,22,7,7,"blue",1,188,188,188,188,1,0,1,0,"20","valid",0,1
"1552",2,70,5,38,12,12,"longer",1,177,177,177,335,1,1,2,1,"20","orth",0,1
"1557",2,71,6,115,6,6,"avoid",1,172,172,172,172,1,0,1,0,"20","mask",0,1
"1562",2,72,1,36,4,4,"eternal",1,199,199,199,199,1,0,1,0,"0","valid",0,1
"1568",2,73,2,109,6,6,"expected",1,200,200,200,416,1,1,2,1,"0","orth",0,1
"1581",2,75,4,126,3,3,"hired",1,NA,NA,NA,239,0,1,1,1,"20","valid",0,1
"1594",2,76,5,50,6,6,"somehow",1,NA,NA,NA,399,0,2,2,1,"20","orth",0,1
"1604",2,77,6,31,6,6,"contact",1,266,266,266,483,1,1,2,1,"20","mask",0,1
"1612",2,78,1,35,7,7,"constant",1,265,265,265,265,1,0,1,0,"0","valid",0,1
"1620",2,79,2,80,9,9,"house",1,315,315,315,315,1,0,1,0,"0","orth",0,1
"1627",2,80,3,63,6,6,"friendly",1,169,169,169,169,1,0,1,0,"0","mask",0,1
"1636",2,81,4,51,10,10,"without",1,NA,NA,NA,156,0,1,1,1,"20","valid",0,1
"1640",2,82,5,114,8,8,"right",1,196,196,196,196,1,0,1,0,"20","orth",0,1
"1651",2,84,1,73,6,6,"several",1,204,204,204,204,1,0,1,0,"0","valid",0,1
"1662",2,86,3,45,4,4,"great",1,211,211,211,211,1,0,1,0,"0","mask",0,1
"1670",2,87,4,99,9,9,"slight",1,215,215,215,215,1,0,1,0,"20","valid",0,1
"1689",2,90,1,74,4,4,"good",1,361,361,361,361,1,0,1,0,"0","valid",0,1
"1694",2,91,2,8,4,4,"very",1,207,207,207,207,1,0,1,0,"0","orth",0,1
"1712",2,93,4,69,8,8,"clothes",1,188,188,188,188,1,0,1,0,"20","valid",0,1
"1722",2,95,6,128,7,7,"social",1,174,174,174,174,1,0,1,0,"20","mask",0,1
"1729",2,96,1,17,5,5,"light",1,184,184,184,184,1,0,1,0,"0","valid",0,1
"1738",2,97,2,75,10,10,"well",1,NA,NA,NA,162,0,1,1,1,"0","orth",0,1
"1742",2,98,3,62,9,9,"ocean",1,176,176,176,176,1,0,1,0,"0","mask",0,1
"1753",2,100,5,48,6,6,"peaceful",1,183,183,183,303,1,1,2,1,"20","orth",0,1
"1759",2,101,6,25,4,4,"finally",1,183,183,183,183,1,0,1,0,"20","mask",0,1
"1770",2,102,1,105,7,7,"stomach",1,203,203,203,203,1,0,1,0,"0","valid",0,1
"1792",2,105,4,27,5,5,"large",1,188,188,188,188,1,0,1,0,"20","valid",0,1
"1799",2,106,5,79,6,6,"gorgeous",1,206,206,206,206,1,0,1,0,"20","orth",0,1
"1806",2,107,6,40,7,7,"first",1,166,166,166,377,1,1,2,1,"20","mask",0,1
"1814",2,108,1,83,5,5,"plastic",1,NA,NA,NA,152,0,1,1,1,"0","valid",0,1
"1824",2,109,2,89,5,5,"would",1,189,189,189,189,1,0,1,0,"0","orth",0,1
"1834",2,110,3,95,6,6,"ripe",1,338,338,338,968,1,2,3,1,"0","mask",0,1
"1839",2,111,4,61,5,5,"before",1,227,227,227,406,1,1,2,1,"20","valid",0,1
"1845",2,112,5,10,3,3,"applied",1,309,309,309,509,1,1,2,1,"20","orth",0,1
"1855",2,113,6,33,7,7,"would",1,188,188,188,188,1,0,1,0,"20","mask",0,1
"1859",2,114,1,122,4,4,"tavern",1,185,185,185,185,1,0,1,0,"0","valid",0,1
"1867",2,115,2,23,7,7,"eaten",1,179,179,179,385,1,1,2,1,"0","orth",0,1
"1872",2,116,3,113,6,6,"land",1,242,242,242,242,1,0,1,0,"0","mask",0,1
"1882",2,118,5,138,5,5,"snow",1,184,184,184,184,1,0,1,0,"20","orth",0,1
"1891",2,119,6,9,8,8,"great",1,179,179,179,179,1,0,1,0,"20","mask",0,1
"1899",2,120,1,59,6,6,"could",1,180,180,180,459,1,1,2,1,"0","valid",0,1
"1912",2,122,3,135,5,5,"horrible",1,210,210,210,210,1,0,1,0,"0","mask",0,1
"1919",2,123,4,1,5,5,"large",1,182,182,182,828,1,3,4,1,"20","valid",0,1
"1932",2,125,6,111,3,3,"produced",1,168,168,168,168,1,0,1,0,"20","mask",0,1
"1948",2,127,2,11,8,8,"great",1,203,203,203,203,1,0,1,0,"0","orth",0,1
"1953",2,128,3,55,3,3,"victim's",1,525,525,525,1112,1,2,3,1,"0","mask",0,1
"1959",2,129,4,39,4,4,"lying",1,164,164,164,164,1,0,1,0,"20","valid",0,1
"1968",2,130,5,107,11,11,"salt",1,NA,NA,NA,128,0,1,1,1,"20","orth",0,1
"1976",2,131,6,57,8,8,"ugly",1,268,268,268,268,1,0,1,0,"20","mask",0,1
"1984",2,132,1,121,6,6,"clean",1,NA,NA,NA,187,0,1,1,1,"0","valid",0,1
"1989",2,133,2,29,7,7,"short",1,168,168,168,168,1,0,1,0,"0","orth",0,1
"1996",2,134,3,41,5,5,"child",1,187,187,187,187,1,0,1,0,"0","mask",0,1
"2011",2,136,5,18,6,6,"wealthy",1,190,190,190,190,1,0,1,0,"20","orth",0,1
"2026",2,138,1,76,8,8,"funky",1,212,212,212,212,1,0,1,0,"0","valid",0,1
"2034",3,1,3,110,7,7,"were",1,196,196,196,196,1,0,1,0,"0","mask",0,1
"2042",3,2,4,120,5,5,"another",1,239,239,239,409,1,1,2,1,"20","valid",0,1
"2053",3,3,5,16,4,4,"remove",1,189,189,189,189,1,0,1,0,"20","orth",0,1
"2065",3,4,6,123,7,7,"designer",1,174,174,174,174,1,0,1,0,"20","mask",0,1
"2079",3,5,1,81,8,8,"took",1,NA,NA,NA,172,0,1,1,1,"0","valid",0,1
"2092",3,6,2,13,7,7,"streams",1,365,365,365,1042,1,3,4,1,"0","orth",0,1
"2103",3,7,3,44,7,7,"recent",1,300,NA,535,1200,2,2,4,1,"0","mask",0,1
"2119",3,8,4,71,11,11,"local",1,239,239,239,239,1,0,1,0,"20","valid",0,1
"2134",3,9,5,131,13,13,"loud",1,145,145,145,317,1,1,2,1,"20","orth",0,1
"2143",3,10,6,136,10,10,"proper",1,148,148,148,415,1,1,2,1,"20","mask",0,1
"2150",3,11,1,24,4,4,"fancy",1,390,390,390,390,1,0,1,0,"0","valid",0,1
"2166",3,12,2,137,10,10,"could",1,161,161,161,161,1,0,1,0,"0","orth",0,1
"2173",3,13,3,130,4,4,"their",1,280,280,280,690,1,1,2,1,"0","mask",0,1
"2186",3,14,4,64,7,7,"helped",1,181,NA,532,1279,2,3,5,1,"20","valid",0,1
"2214",3,17,1,56,5,5,"dramatic",1,227,227,227,657,1,1,2,1,"0","valid",0,1
"2226",3,18,2,124,5,5,"ripped",1,465,465,465,663,1,1,2,1,"0","orth",0,1
"2235",3,19,3,104,5,5,"chimney",1,441,441,441,441,1,0,1,0,"0","mask",0,1
"2242",3,20,4,133,9,9,"strange",1,266,266,266,266,1,0,1,0,"20","valid",0,1
"2252",3,21,5,86,8,8,"quietly",1,477,477,477,623,1,1,2,1,"20","orth",0,1
"2265",3,22,6,5,9,9,"broken",1,283,NA,505,505,2,0,2,0,"20","mask",0,1
"2281",3,24,2,127,5,5,"strange",1,195,195,195,362,1,1,2,1,"0","orth",0,1
"2292",3,25,3,87,4,4,"seemed",1,249,249,249,499,1,1,2,1,"0","mask",0,1
"2302",3,26,4,100,4,4,"long",1,NA,NA,NA,190,0,1,1,1,"20","valid",0,1
"2312",3,27,5,94,4,4,"looked",1,228,228,228,228,1,0,1,0,"20","orth",0,1
"2323",3,28,6,54,4,4,"crisp",1,277,277,277,277,1,0,1,0,"20","mask",0,1
"2338",3,29,1,85,7,7,"quickly",1,453,453,453,1794,1,6,7,1,"0","valid",0,1
"2345",3,30,2,28,3,3,"large",1,195,195,195,195,1,0,1,0,"0","orth",0,1
"2356",3,31,3,92,5,5,"brown",1,294,294,294,641,1,1,2,1,"0","mask",0,1
"2368",3,32,4,3,6,6,"distinct",1,486,486,486,486,1,0,1,0,"20","valid",0,1
"2382",3,33,5,43,8,8,"green",1,391,NA,574,574,2,0,2,0,"20","orth",0,1
"2392",3,34,6,6,6,6,"record",1,349,349,349,887,1,2,3,1,"20","mask",0,1
"2404",3,35,1,12,7,7,"first",1,165,165,165,165,1,0,1,0,"0","valid",0,1
"2414",3,36,2,112,6,6,"funny",1,297,297,297,297,1,0,1,0,"0","orth",0,1
"2427",3,37,3,90,10,10,"charging",1,206,206,206,544,1,2,3,1,"0","mask",0,1
"2435",3,38,4,47,7,7,"running",1,261,261,261,261,1,0,1,0,"20","valid",0,1
"2442",3,39,5,129,7,7,"scented",1,156,156,156,1083,1,4,5,1,"20","orth",0,1
"2454",3,40,6,4,9,9,"losing",1,NA,NA,NA,1364,0,3,3,1,"20","mask",0,1
"2467",3,41,1,58,5,5,"bottom",1,219,219,219,219,1,0,1,0,"0","valid",0,1
"2481",3,42,2,53,7,7,"still",1,255,255,255,255,1,0,1,0,"0","orth",0,1
"2487",3,43,3,101,3,3,"strong",1,217,217,217,485,1,1,2,1,"0","mask",0,1
"2499",3,44,4,106,6,6,"sudden",1,480,480,480,480,1,0,1,0,"20","valid",0,1
"2508",3,45,5,30,7,7,"cold",1,259,NA,705,705,3,0,3,0,"20","orth",0,1
"2516",3,46,6,65,4,4,"come",1,NA,NA,NA,370,0,2,2,1,"20","mask",0,1
"2530",3,47,1,60,6,6,"evil",1,154,154,154,466,1,2,3,1,"0","valid",0,1
"2537",3,48,2,82,4,4,"couldn't",1,272,272,272,272,1,0,1,0,"0","orth",0,1
"2547",3,49,3,93,9,9,"special",1,205,NA,411,881,2,2,4,1,"0","mask",0,1
"2556",3,50,4,98,7,7,"first",1,197,197,197,197,1,0,1,0,"20","valid",0,1
"2568",3,51,5,42,10,10,"carving",1,175,NA,326,692,2,2,4,1,"20","orth",0,1
"2584",3,53,1,84,5,5,"empty",1,NA,NA,NA,122,0,1,1,1,"0","valid",0,1
"2599",3,54,2,26,9,9,"luxury",1,NA,NA,NA,655,0,3,3,1,"0","orth",0,1
"2611",3,55,3,15,8,8,"people",1,166,166,166,697,1,3,4,1,"0","mask",0,1
"2617",3,56,4,66,7,7,"mutual",1,243,243,243,1127,1,3,4,1,"20","valid",0,1
"2625",3,57,5,134,6,6,"sudden",1,186,186,186,186,1,0,1,0,"20","orth",0,1
"2636",3,58,6,49,6,6,"head",1,444,444,444,444,1,0,1,0,"20","mask",0,1
"2643",3,59,1,78,5,5,"tiny",1,244,244,244,244,1,0,1,0,"0","valid",0,1
"2655",3,60,2,32,4,4,"never",1,193,193,193,612,1,2,3,1,"0","orth",0,1
"2672",3,61,3,96,9,9,"thick",1,304,304,304,304,1,0,1,0,"0","mask",0,1
"2683",3,62,4,37,8,8,"finished",1,173,173,173,173,1,0,1,0,"20","valid",0,1
"2692",3,63,5,67,7,7,"good",1,369,369,369,822,1,2,3,1,"20","orth",0,1
"2705",3,64,6,91,10,10,"home",1,187,187,187,321,1,1,2,1,"20","mask",0,1
"2723",3,66,2,132,6,6,"properly",1,186,186,186,186,1,0,1,0,"0","orth",0,1
"2733",3,67,3,72,6,6,"utter",1,330,330,330,1086,1,3,4,1,"0","mask",0,1
"2747",3,68,4,19,10,10,"small",1,197,197,197,197,1,0,1,0,"20","valid",0,1
"2756",3,69,5,22,7,7,"blue",1,199,199,199,389,1,1,2,1,"20","orth",0,1
"2772",3,70,6,38,12,12,"longer",1,180,180,180,565,1,2,3,1,"20","mask",0,1
"2780",3,71,1,115,6,6,"avoid",1,251,251,251,251,1,0,1,0,"0","valid",0,1
"2789",3,72,2,36,4,4,"eternal",1,243,243,243,1003,1,2,3,1,"0","orth",0,1
"2798",3,73,3,109,6,6,"expected",1,367,NA,888,1132,3,1,4,1,"0","mask",0,1
"2808",3,74,4,34,5,5,"short",1,171,NA,327,635,2,1,3,1,"20","valid",0,1
"2817",3,75,5,126,3,3,"hired",1,271,271,271,271,1,0,1,0,"20","orth",0,1
"2829",3,76,6,50,6,6,"somehow",1,222,222,222,462,1,1,2,1,"20","mask",0,1
"2841",3,77,1,31,6,6,"contact",1,167,167,167,1278,1,5,6,1,"0","valid",0,1
"2856",3,78,2,35,7,7,"constant",1,280,280,280,591,1,1,2,1,"0","orth",0,1
"2866",3,79,3,80,9,9,"house",1,241,241,241,431,1,1,2,1,"0","mask",0,1
"2874",3,80,4,63,6,6,"friendly",1,338,338,338,428,1,1,2,1,"20","valid",0,1
"2890",3,81,5,51,10,10,"without",1,224,224,224,436,1,1,2,1,"20","orth",0,1
"2900",3,82,6,114,8,8,"right",1,224,224,224,224,1,0,1,0,"20","mask",0,1
"2911",3,83,1,77,8,8,"brass",1,225,NA,462,723,2,1,3,1,"0","valid",0,1
"2922",3,84,2,73,6,6,"several",1,340,340,340,880,1,1,2,1,"0","orth",0,1
"2933",3,85,3,125,6,6,"dense",1,218,218,218,372,1,1,2,1,"0","mask",0,1
"2942",3,86,4,45,4,4,"great",1,185,NA,362,880,2,2,4,1,"20","valid",0,1
"2957",3,87,5,99,9,9,"slight",1,191,191,191,724,1,3,4,1,"20","orth",0,1
"2968",3,88,6,97,11,11,"wild",1,228,228,228,783,1,2,3,1,"20","mask",0,1
"2980",3,89,1,52,9,9,"would",1,NA,NA,NA,200,0,1,1,1,"0","valid",0,1
"2989",3,90,2,74,4,4,"good",1,234,234,234,234,1,0,1,0,"0","orth",0,1
"2999",3,91,3,8,4,4,"very",1,181,181,181,181,1,0,1,0,"0","mask",0,1
"3015",3,92,4,7,8,8,"their",1,NA,NA,NA,506,0,2,2,1,"20","valid",0,1
"3029",3,93,5,69,8,8,"clothes",1,189,189,189,366,1,1,2,1,"20","orth",0,1
"3038",3,94,6,103,5,5,"rising",1,340,340,340,827,1,2,3,1,"20","mask",0,1
"3049",3,95,1,128,7,7,"social",1,229,NA,465,465,2,0,2,0,"0","valid",0,1
"3059",3,96,2,17,5,5,"light",1,196,196,196,376,1,1,2,1,"0","orth",0,1
"3072",3,97,3,75,10,10,"well",1,246,246,246,502,1,1,2,1,"0","mask",0,1
"3081",3,98,4,62,9,9,"ocean",1,278,278,278,278,1,0,1,0,"20","valid",0,1
"3086",3,99,5,2,3,3,"left",1,NA,NA,NA,502,0,2,2,1,"20","orth",0,1
"3102",3,100,6,48,6,6,"peaceful",1,186,186,186,856,1,3,4,1,"20","mask",0,1
"3111",3,101,1,25,4,4,"finally",1,203,203,203,464,1,1,2,1,"0","valid",0,1
"3125",3,102,2,105,7,7,"stomach",1,332,332,332,671,1,2,3,1,"0","orth",0,1
"3132",3,103,3,46,7,7,"fist",1,363,363,363,553,1,1,2,1,"0","mask",0,1
"3146",3,104,4,68,10,10,"last",1,211,211,211,211,1,0,1,0,"20","valid",0,1
"3153",3,105,5,27,5,5,"large",1,NA,NA,NA,250,0,1,1,1,"20","orth",0,1
"3162",3,106,6,79,6,6,"gorgeous",1,260,260,260,260,1,0,1,0,"20","mask",0,1
"3171",3,107,1,40,7,7,"first",1,361,361,361,442,1,1,2,1,"0","valid",0,1
"3180",3,108,2,83,5,5,"plastic",1,217,217,217,217,1,0,1,0,"0","orth",0,1
"3190",3,109,3,89,5,5,"would",1,257,257,257,908,1,3,4,1,"0","mask",0,1
"3202",3,110,4,95,6,6,"ripe",1,329,329,329,563,1,1,2,1,"20","valid",0,1
"3211",3,111,5,61,5,5,"before",1,241,241,241,241,1,0,1,0,"20","orth",0,1
"3220",3,112,6,10,3,3,"applied",1,175,175,175,657,1,1,2,1,"20","mask",0,1
"3233",3,113,1,33,7,7,"would",1,NA,NA,NA,321,0,2,2,1,"0","valid",0,1
"3240",3,114,2,122,4,4,"tavern",1,266,266,266,266,1,0,1,0,"0","orth",0,1
"3252",3,115,3,23,7,7,"eaten",1,268,268,268,465,1,1,2,1,"0","mask",0,1
"3262",3,116,4,113,6,6,"land",1,180,180,180,1021,1,4,5,1,"20","valid",0,1
"3269",3,117,5,70,5,5,"feel",1,266,266,266,851,1,3,4,1,"20","orth",0,1
"3282",3,118,6,138,5,5,"snow",1,405,405,405,405,1,0,1,0,"20","mask",0,1
"3294",3,119,1,9,8,8,"great",1,98,98,98,98,1,0,1,0,"0","valid",0,1
"3306",3,120,2,59,6,6,"could",1,226,226,226,226,1,0,1,0,"0","orth",0,1
"3318",3,121,3,14,7,7,"grassy",1,282,282,282,566,1,2,3,1,"0","mask",0,1
"3324",3,122,4,135,5,5,"horrible",1,NA,NA,NA,476,0,2,2,1,"20","valid",0,1
"3334",3,123,5,1,5,5,"large",1,NA,NA,NA,230,0,1,1,1,"20","orth",0,1
"3348",3,124,6,102,7,7,"very",1,264,264,264,527,1,1,2,1,"20","mask",0,1
"3355",3,125,1,111,3,3,"produced",1,508,508,508,508,1,0,1,0,"0","valid",0,1
"3369",3,126,2,117,8,8,"support",1,182,182,182,182,1,0,1,0,"0","orth",0,1
"3379",3,127,3,11,8,8,"great",1,347,347,347,775,1,2,3,1,"0","mask",0,1
"3385",3,128,4,55,3,3,"victim's",1,277,277,277,1462,1,5,6,1,"20","valid",0,1
"3399",3,129,5,39,4,4,"lying",1,249,249,249,816,1,2,3,1,"20","orth",0,1
"3417",3,130,6,107,11,11,"salt",1,163,163,163,397,1,1,2,1,"20","mask",0,1
"3429",3,131,1,57,8,8,"ugly",1,192,192,192,192,1,0,1,0,"0","valid",0,1
"3439",3,132,2,121,6,6,"clean",1,288,NA,735,735,2,0,2,0,"0","orth",0,1
"3447",3,133,3,29,7,7,"short",1,166,166,166,369,1,1,2,1,"0","mask",0,1
"3458",3,134,4,41,5,5,"child",1,199,199,199,466,1,1,2,1,"20","valid",0,1
"3470",3,135,5,21,5,5,"slow",1,319,319,319,550,1,1,2,1,"20","orth",0,1
"3483",3,136,6,18,6,6,"wealthy",1,NA,NA,NA,220,0,1,1,1,"20","mask",0,1
"3492",3,137,1,118,4,4,"judge",1,263,263,263,889,1,2,3,1,"0","valid",0,1
"3504",3,138,2,76,8,8,"funky",1,267,267,267,639,1,1,2,1,"0","orth",0,1
"3514",4,1,4,60,7,7,"were",1,213,213,213,213,1,0,1,0,"20","valid",0,1
"3520",4,2,5,8,5,5,"another",1,258,258,258,258,1,0,1,0,"20","orth",0,1
"3549",4,5,2,23,8,8,"took",1,215,215,215,215,1,0,1,0,"0","orth",0,1
"3558",4,6,3,37,7,7,"streams",1,223,223,223,223,1,0,1,0,"0","mask",0,1
"3578",4,8,5,6,11,11,"local",1,NA,NA,NA,371,0,1,1,1,"20","orth",0,1
"3589",4,9,6,125,13,13,"loud",1,247,247,247,247,1,0,1,0,"20","mask",0,1
"3596",4,10,1,134,10,10,"proper",1,323,NA,545,545,2,0,2,0,"0","valid",0,1
"3601",4,11,2,77,4,4,"fancy",1,224,224,224,224,1,0,1,0,"0","orth",0,1
"3612",4,12,3,76,10,10,"could",1,235,235,235,235,1,0,1,0,"0","mask",0,1
"3618",4,13,4,51,4,4,"their",1,NA,NA,NA,392,0,2,2,1,"20","valid",0,1
"3628",4,14,5,124,7,7,"helped",1,NA,NA,NA,211,0,1,1,1,"20","orth",0,1
"3643",4,16,1,15,10,10,"quick",1,228,228,228,228,1,0,1,0,"0","valid",0,1
"3649",4,17,2,113,5,5,"dramatic",1,473,473,473,755,1,1,2,1,"0","orth",0,1
"3657",4,18,3,58,5,5,"ripped",1,281,281,281,281,1,0,1,0,"0","mask",0,1
"3664",4,19,4,38,5,5,"chimney",1,306,306,306,540,1,1,2,1,"20","valid",0,1
"3675",4,20,5,61,9,9,"strange",1,200,200,200,200,1,0,1,0,"20","orth",0,1
"3682",4,21,6,11,8,8,"quietly",1,290,290,290,290,1,0,1,0,"20","mask",0,1
"3693",4,22,1,18,9,9,"broken",1,479,479,479,1176,1,3,4,1,"0","valid",0,1
"3698",4,23,2,133,4,4,"tender",1,206,NA,471,471,2,0,2,0,"0","orth",0,1
"3706",4,24,3,135,5,5,"strange",1,406,406,406,640,1,1,2,1,"0","mask",0,1
"3712",4,25,4,87,4,4,"seemed",1,269,269,269,269,1,0,1,0,"20","valid",0,1
"3722",4,26,5,7,4,4,"long",1,257,257,257,257,1,0,1,0,"20","orth",0,1
"3730",4,27,6,34,4,4,"looked",1,244,244,244,244,1,0,1,0,"20","mask",0,1
"3748",4,29,2,119,7,7,"quickly",1,234,234,234,234,1,0,1,0,"0","orth",0,1
"3752",4,30,3,1,3,3,"large",1,183,183,183,465,1,1,2,1,"0","mask",0,1
"3760",4,31,4,5,5,5,"brown",1,372,372,372,716,1,1,2,1,"20","valid",0,1
"3771",4,32,5,20,6,6,"distinct",1,208,208,208,400,1,1,2,1,"20","orth",0,1
"3781",4,33,6,97,8,8,"green",1,217,217,217,217,1,0,1,0,"20","mask",0,1
"3786",4,34,1,107,6,6,"record",1,217,217,217,217,1,0,1,0,"0","valid",0,1
"3794",4,35,2,96,7,7,"first",1,211,211,211,211,1,0,1,0,"0","orth",0,1
"3814",4,38,5,43,7,7,"running",1,268,268,268,268,1,0,1,0,"20","orth",0,1
"3822",4,39,6,109,7,7,"scented",1,246,246,246,246,1,0,1,0,"20","mask",0,1
"3829",4,40,1,25,9,9,"losing",1,227,227,227,227,1,0,1,0,"0","valid",0,1
"3853",4,43,4,55,3,3,"strong",1,NA,NA,NA,163,0,1,1,1,"20","valid",0,1
"3859",4,44,5,94,6,6,"sudden",1,262,262,262,262,1,0,1,0,"20","orth",0,1
"3866",4,45,6,112,7,7,"cold",1,323,323,323,323,1,0,1,0,"20","mask",0,1
"3871",4,46,1,9,4,4,"come",1,267,267,267,267,1,0,1,0,"0","valid",0,1
"3881",4,47,2,131,6,6,"evil",1,NA,NA,NA,169,0,1,1,1,"0","orth",0,1
"3886",4,48,3,110,4,4,"couldn't",1,186,186,186,186,1,0,1,0,"0","mask",0,1
"3893",4,49,4,73,9,9,"special",1,171,171,171,171,1,0,1,0,"20","valid",0,1
"3910",4,51,6,69,10,10,"carving",1,220,220,220,220,1,0,1,0,"20","mask",0,1
"3913",4,52,1,46,5,5,"small",1,338,338,338,338,1,0,1,0,"0","valid",0,1
"3921",4,53,2,80,5,5,"empty",1,280,280,280,280,1,0,1,0,"0","orth",0,1
"3931",4,54,3,81,9,9,"luxury",1,185,185,185,185,1,0,1,0,"0","mask",0,1
"3939",4,55,4,118,8,8,"people",1,216,216,216,216,1,0,1,0,"20","valid",0,1
"3944",4,56,5,114,7,7,"mutual",1,268,268,268,522,1,1,2,1,"20","orth",0,1
"3953",4,57,6,95,6,6,"sudden",1,175,175,175,175,1,0,1,0,"20","mask",0,1
"3963",4,58,1,57,6,6,"head",1,164,164,164,164,1,0,1,0,"0","valid",0,1
"3986",4,61,4,52,9,9,"thick",1,175,175,175,175,1,0,1,0,"20","valid",0,1
"3991",4,62,5,132,8,8,"finished",1,153,153,153,153,1,0,1,0,"20","orth",0,1
"4006",4,64,1,86,10,10,"home",1,212,212,212,212,1,0,1,0,"0","valid",0,1
"4019",4,66,3,89,6,6,"properly",1,295,295,295,295,1,0,1,0,"0","mask",0,1
"4026",4,67,4,28,6,6,"utter",1,292,NA,489,489,2,0,2,0,"20","valid",0,1
"4042",4,69,6,72,7,7,"blue",1,274,NA,430,430,2,0,2,0,"20","mask",0,1
"4053",4,70,1,32,12,12,"longer",1,121,121,121,341,1,1,2,1,"0","valid",0,1
"4059",4,71,2,120,6,6,"avoid",1,300,300,300,300,1,0,1,0,"0","orth",0,1
"4065",4,72,3,26,4,4,"eternal",1,203,203,203,203,1,0,1,0,"0","mask",0,1
"4072",4,73,4,30,6,6,"expected",1,157,NA,298,298,2,0,2,0,"20","valid",0,1
"4080",4,74,5,21,5,5,"short",1,206,206,206,206,1,0,1,0,"20","orth",0,1
"4086",4,75,6,31,3,3,"hired",1,203,203,203,203,1,0,1,0,"20","mask",0,1
"4096",4,76,1,66,6,6,"somehow",1,238,238,238,238,1,0,1,0,"0","valid",0,1
"4104",4,77,2,47,6,6,"contact",1,210,210,210,807,1,2,3,1,"0","orth",0,1
"4114",4,78,3,129,7,7,"constant",1,332,332,332,332,1,0,1,0,"0","mask",0,1
"4121",4,79,4,65,9,9,"house",1,220,220,220,220,1,0,1,0,"20","valid",0,1
"4128",4,80,5,24,6,6,"friendly",1,NA,NA,NA,300,0,1,1,1,"20","orth",0,1
"4144",4,82,1,137,8,8,"right",1,186,186,186,186,1,0,1,0,"0","valid",0,1
"4151",4,83,2,68,8,8,"brass",1,271,271,271,271,1,0,1,0,"0","orth",0,1
"4158",4,84,3,14,6,6,"several",1,96,96,96,588,1,2,3,1,"0","mask",0,1
"4165",4,85,4,39,6,6,"dense",1,NA,NA,NA,195,0,1,1,1,"20","valid",0,1
"4173",4,86,5,62,4,4,"great",1,209,209,209,209,1,0,1,0,"20","orth",0,1
"4180",4,87,6,90,9,9,"slight",1,169,169,169,169,1,0,1,0,"20","mask",0,1
"4190",4,88,1,41,11,11,"wild",1,221,221,221,221,1,0,1,0,"0","valid",0,1
"4206",4,91,4,29,4,4,"very",1,375,NA,520,520,2,0,2,0,"20","valid",0,1
"4219",4,92,5,16,8,8,"their",1,NA,NA,NA,187,0,1,1,1,"20","orth",0,1
"4227",4,93,6,44,8,8,"clothes",1,287,287,287,287,1,0,1,0,"20","mask",0,1
"4235",4,94,1,48,5,5,"rising",1,317,317,317,317,1,0,1,0,"0","valid",0,1
"4243",4,95,2,64,7,7,"social",1,NA,NA,NA,500,0,2,2,1,"0","orth",0,1
"4253",4,96,3,79,5,5,"light",1,205,205,205,423,1,1,2,1,"0","mask",0,1
"4282",4,100,1,2,6,6,"peaceful",1,278,278,278,540,1,1,2,1,"0","valid",0,1
"4291",4,101,2,130,4,4,"finally",1,187,187,187,187,1,0,1,0,"0","orth",0,1
"4299",4,102,3,106,7,7,"stomach",1,214,214,214,214,1,0,1,0,"0","mask",0,1
"4307",4,103,4,74,7,7,"fist",1,298,298,298,298,1,0,1,0,"20","valid",0,1
"4329",4,106,1,71,6,6,"gorgeous",1,260,260,260,260,1,0,1,0,"0","valid",0,1
"4335",4,107,2,136,7,7,"first",1,273,273,273,273,1,0,1,0,"0","orth",0,1
"4343",4,108,3,84,5,5,"plastic",1,198,198,198,198,1,0,1,0,"0","mask",0,1
"4351",4,109,4,82,5,5,"would",1,234,234,234,533,1,1,2,1,"20","valid",0,1
"4360",4,110,5,33,6,6,"ripe",1,218,218,218,218,1,0,1,0,"20","orth",0,1
"4380",4,113,2,99,7,7,"would",1,225,225,225,225,1,0,1,0,"0","orth",0,1
"4386",4,114,3,59,4,4,"tavern",1,295,295,295,295,1,0,1,0,"0","mask",0,1
"4397",4,115,4,54,7,7,"eaten",1,309,309,309,546,1,1,2,1,"20","valid",0,1
"4402",4,116,5,138,6,6,"land",1,172,172,172,172,1,0,1,0,"20","orth",0,1
"4408",4,117,6,4,5,5,"feel",1,331,331,331,331,1,0,1,0,"20","mask",0,1
"4426",4,119,2,128,8,8,"great",1,238,238,238,238,1,0,1,0,"0","orth",0,1
"4433",4,120,3,115,6,6,"could",1,279,279,279,279,1,0,1,0,"0","mask",0,1
"4441",4,121,4,12,7,7,"grassy",1,NA,NA,NA,158,0,1,1,1,"20","valid",0,1
"4449",4,122,5,40,5,5,"horrible",1,235,235,235,235,1,0,1,0,"20","orth",0,1
"4465",4,124,1,100,7,7,"very",1,256,256,256,256,1,0,1,0,"0","valid",0,1
"4477",4,126,3,105,8,8,"support",1,283,283,283,283,1,0,1,0,"0","mask",0,1
"4484",4,127,4,13,8,8,"great",1,195,195,195,195,1,0,1,0,"20","valid",0,1
"4490",4,128,5,98,3,3,"victim's",1,264,264,264,683,1,2,3,1,"20","orth",0,1
"4511",4,131,2,104,8,8,"ugly",1,235,235,235,235,1,0,1,0,"0","orth",0,1
"4518",4,132,3,126,6,6,"clean",1,282,282,282,282,1,0,1,0,"0","mask",0,1
"4525",4,133,4,123,7,7,"short",1,225,225,225,225,1,0,1,0,"20","valid",0,1
"4532",4,134,5,49,5,5,"child",1,249,249,249,249,1,0,1,0,"20","orth",0,1
"4540",4,135,6,102,5,5,"slow",1,321,NA,537,537,2,0,2,0,"20","mask",0,1
"4548",4,136,1,27,6,6,"wealthy",1,192,NA,430,712,2,1,3,1,"0","valid",0,1
"4556",4,137,2,3,4,4,"judge",1,182,182,182,656,1,2,3,1,"0","orth",0,1
"4567",4,138,3,108,8,8,"funky",1,402,402,402,402,1,0,1,0,"0","mask",0,1
"4573",5,1,5,110,7,7,"were",1,166,166,166,166,1,0,1,0,"20","orth",0,1
"4580",5,2,6,120,5,5,"another",1,183,183,183,183,1,0,1,0,"20","mask",0,1
"4588",5,3,1,16,4,4,"remove",1,183,183,183,446,1,1,2,1,"0","valid",0,1
"4599",5,4,2,123,7,7,"designer",1,241,241,241,241,1,0,1,0,"0","orth",0,1
"4617",5,6,4,13,7,7,"streams",1,175,NA,372,641,2,1,3,1,"20","valid",0,1
"4625",5,7,5,44,7,7,"recent",1,322,322,322,322,1,0,1,0,"20","orth",0,1
"4645",5,9,1,131,13,13,"loud",1,287,287,287,287,1,0,1,0,"0","valid",0,1
"4653",5,10,2,136,10,10,"proper",1,244,244,244,476,1,1,2,1,"0","orth",0,1
"4657",5,11,3,24,4,4,"fancy",1,82,82,82,82,1,0,1,0,"0","mask",0,1
"4669",5,13,5,130,4,4,"their",1,259,259,259,259,1,0,1,0,"20","orth",0,1
"4678",5,14,6,64,7,7,"helped",1,194,NA,442,587,2,1,3,1,"20","mask",0,1
"4696",5,17,3,56,5,5,"dramatic",1,497,497,497,497,1,0,1,0,"0","mask",0,1
"4707",5,18,4,124,5,5,"ripped",1,406,406,406,727,1,1,2,1,"20","valid",0,1
"4712",5,19,5,104,5,5,"chimney",1,254,254,254,254,1,0,1,0,"20","orth",0,1
"4720",5,20,6,133,9,9,"strange",1,172,172,172,172,1,0,1,0,"20","mask",0,1
"4727",5,21,1,86,8,8,"quietly",1,372,372,372,372,1,0,1,0,"0","valid",0,1
"4736",5,22,2,5,9,9,"broken",1,210,210,210,210,1,0,1,0,"0","orth",0,1
"4741",5,23,3,116,4,4,"tender",1,348,348,348,348,1,0,1,0,"0","mask",0,1
"4749",5,24,4,127,5,5,"strange",1,744,744,744,744,1,0,1,0,"20","valid",0,1
"4756",5,25,5,87,4,4,"seemed",1,245,245,245,245,1,0,1,0,"20","orth",0,1
"4764",5,26,6,100,4,4,"long",1,163,163,163,163,1,0,1,0,"20","mask",0,1
"4774",5,27,1,94,4,4,"looked",1,259,259,259,259,1,0,1,0,"0","valid",0,1
"4781",5,28,2,54,4,4,"crisp",1,237,237,237,237,1,0,1,0,"0","orth",0,1
"4791",5,29,3,85,7,7,"quickly",1,182,182,182,182,1,0,1,0,"0","mask",0,1
"4796",5,30,4,28,3,3,"large",1,178,NA,319,319,2,0,2,0,"20","valid",0,1
"4801",5,31,5,92,5,5,"brown",1,388,388,388,388,1,0,1,0,"20","orth",0,1
"4812",5,32,6,3,6,6,"distinct",1,210,210,210,210,1,0,1,0,"20","mask",0,1
"4824",5,33,1,43,8,8,"green",1,188,188,188,658,1,1,2,1,"0","valid",0,1
"4832",5,34,2,6,6,6,"record",1,173,173,173,398,1,1,2,1,"0","orth",0,1
"4841",5,35,3,12,7,7,"first",1,166,166,166,166,1,0,1,0,"0","mask",0,1
"4847",5,36,4,112,6,6,"funny",1,317,317,317,317,1,0,1,0,"20","valid",0,1
"4857",5,37,5,90,10,10,"charging",1,145,NA,326,326,2,0,2,0,"20","orth",0,1
"4864",5,38,6,47,7,7,"running",1,176,176,176,176,1,0,1,0,"20","mask",0,1
"4872",5,39,1,129,7,7,"scented",1,494,494,494,928,1,2,3,1,"0","valid",0,1
"4882",5,40,2,4,9,9,"losing",1,138,NA,296,296,2,0,2,0,"0","orth",0,1
"4895",5,42,4,53,7,7,"still",1,165,NA,328,328,2,0,2,0,"20","valid",0,1
"4907",5,44,6,106,6,6,"sudden",1,200,200,200,200,1,0,1,0,"20","mask",0,1
"4913",5,45,1,30,7,7,"cold",1,183,183,183,183,1,0,1,0,"0","valid",0,1
"4918",5,46,2,65,4,4,"come",1,134,134,134,134,1,0,1,0,"0","orth",0,1
"4926",5,47,3,60,6,6,"evil",1,144,144,144,144,1,0,1,0,"0","mask",0,1
"4932",5,48,4,82,4,4,"couldn't",1,183,NA,394,394,2,0,2,0,"20","valid",0,1
"4942",5,49,5,93,9,9,"special",1,196,196,196,196,1,0,1,0,"20","orth",0,1
"4950",5,50,6,98,7,7,"first",1,466,466,466,466,1,0,1,0,"20","mask",0,1
"4960",5,51,1,42,10,10,"carving",1,167,167,167,167,1,0,1,0,"0","valid",0,1
"4965",5,52,2,88,5,5,"small",1,250,250,250,250,1,0,1,0,"0","orth",0,1
"4983",5,54,4,26,9,9,"luxury",1,169,169,169,169,1,0,1,0,"20","valid",0,1
"4991",5,55,5,15,8,8,"people",1,338,338,338,458,1,1,2,1,"20","orth",0,1
"4996",5,56,6,66,7,7,"mutual",1,268,268,268,462,1,1,2,1,"20","mask",0,1
"5005",5,57,1,134,6,6,"sudden",1,NA,NA,NA,504,0,1,1,1,"0","valid",0,1
"5015",5,58,2,49,6,6,"head",1,218,218,218,218,1,0,1,0,"0","orth",0,1
"5023",5,59,3,78,5,5,"tiny",1,227,227,227,227,1,0,1,0,"0","mask",0,1
"5034",5,60,4,32,4,4,"never",1,298,298,298,298,1,0,1,0,"20","valid",0,1
"5045",5,61,5,96,9,9,"thick",1,162,162,162,162,1,0,1,0,"20","orth",0,1
"5054",5,62,6,37,8,8,"finished",1,174,174,174,174,1,0,1,0,"20","mask",0,1
"5060",5,63,1,67,7,7,"good",1,170,170,170,170,1,0,1,0,"0","valid",0,1
"5086",5,66,4,132,6,6,"properly",1,247,247,247,1993,1,2,3,1,"20","valid",0,1
"5093",5,67,5,72,6,6,"utter",1,245,245,245,245,1,0,1,0,"20","orth",0,1
"5107",5,69,1,22,7,7,"blue",1,171,171,171,171,1,0,1,0,"0","valid",0,1
"5121",5,71,3,115,6,6,"avoid",1,373,373,373,373,1,0,1,0,"0","mask",0,1
"5128",5,72,4,36,4,4,"eternal",1,392,392,392,392,1,0,1,0,"20","valid",0,1
"5137",5,73,5,109,6,6,"expected",1,385,385,385,385,1,0,1,0,"20","orth",0,1
"5144",5,74,6,34,5,5,"short",1,194,194,194,194,1,0,1,0,"20","mask",0,1
"5150",5,75,1,126,3,3,"hired",1,504,504,504,504,1,0,1,0,"0","valid",0,1
"5159",5,76,2,50,6,6,"somehow",1,493,NA,671,671,2,0,2,0,"0","orth",0,1
"5166",5,77,3,31,6,6,"contact",1,407,407,407,407,1,0,1,0,"0","mask",0,1
"5177",5,78,4,35,7,7,"constant",1,166,NA,318,318,2,0,2,0,"20","valid",0,1
"5184",5,79,5,80,9,9,"house",1,251,251,251,251,1,0,1,0,"20","orth",0,1
"5190",5,80,6,63,6,6,"friendly",1,187,187,187,187,1,0,1,0,"20","mask",0,1
"5202",5,81,1,51,10,10,"without",1,255,255,255,383,1,1,2,1,"0","valid",0,1
"5211",5,82,2,114,8,8,"right",1,171,171,171,171,1,0,1,0,"0","orth",0,1
"5219",5,83,3,77,8,8,"brass",1,199,199,199,199,1,0,1,0,"0","mask",0,1
"5227",5,84,4,73,6,6,"several",1,273,273,273,478,1,1,2,1,"20","valid",0,1
"5235",5,85,5,125,6,6,"dense",1,270,270,270,270,1,0,1,0,"20","orth",0,1
"5252",5,87,1,99,9,9,"slight",1,82,82,82,250,1,1,2,1,"0","valid",0,1
"5264",5,88,2,97,11,11,"wild",1,195,195,195,195,1,0,1,0,"0","orth",0,1
"5277",5,90,4,74,4,4,"good",1,147,147,147,147,1,0,1,0,"20","valid",0,1
"5295",5,92,6,7,8,8,"their",1,321,321,321,321,1,0,1,0,"20","mask",0,1
"5303",5,93,1,69,8,8,"clothes",1,147,147,147,147,1,0,1,0,"0","valid",0,1
"5310",5,94,2,103,5,5,"rising",1,176,176,176,515,1,1,2,1,"0","orth",0,1
"5321",5,95,3,128,7,7,"social",1,229,229,229,229,1,0,1,0,"0","mask",0,1
"5330",5,96,4,17,5,5,"light",1,287,287,287,443,1,1,2,1,"20","valid",0,1
"5341",5,97,5,75,10,10,"well",1,210,210,210,210,1,0,1,0,"20","orth",0,1
"5352",5,99,1,2,3,3,"left",1,223,223,223,223,1,0,1,0,"0","valid",0,1
"5365",5,100,2,48,6,6,"peaceful",1,455,455,455,455,1,0,1,0,"0","orth",0,1
"5383",5,102,4,105,7,7,"stomach",1,520,520,520,657,1,1,2,1,"20","valid",0,1
"5390",5,103,5,46,7,7,"fist",1,176,176,176,176,1,0,1,0,"20","orth",0,1
"5403",5,105,1,27,5,5,"large",1,164,164,164,164,1,0,1,0,"0","valid",0,1
"5411",5,106,2,79,6,6,"gorgeous",1,182,182,182,318,1,1,2,1,"0","orth",0,1
"5419",5,107,3,40,7,7,"first",1,251,251,251,251,1,0,1,0,"0","mask",0,1
"5427",5,108,4,83,5,5,"plastic",1,211,211,211,211,1,0,1,0,"20","valid",0,1
"5446",5,110,6,95,6,6,"ripe",1,281,281,281,281,1,0,1,0,"20","mask",0,1
"5453",5,111,1,61,5,5,"before",1,153,153,153,153,1,0,1,0,"0","valid",0,1
"5460",5,112,2,10,3,3,"applied",1,297,297,297,297,1,0,1,0,"0","orth",0,1
"5475",5,114,4,122,4,4,"tavern",1,386,386,386,386,1,0,1,0,"20","valid",0,1
"5485",5,115,5,23,7,7,"eaten",1,163,163,163,163,1,0,1,0,"20","orth",0,1
"5491",5,116,6,113,6,6,"land",1,145,145,145,145,1,0,1,0,"20","mask",0,1
"5503",5,118,2,138,5,5,"snow",1,170,170,170,170,1,0,1,0,"0","orth",0,1
"5520",5,120,4,59,6,6,"could",1,148,148,148,148,1,0,1,0,"20","valid",0,1
"5533",5,122,6,135,5,5,"horrible",1,182,182,182,182,1,0,1,0,"20","mask",0,1
"5541",5,123,1,1,5,5,"large",1,330,330,330,330,1,0,1,0,"0","valid",0,1
"5555",5,124,2,102,7,7,"very",1,314,314,314,314,1,0,1,0,"0","orth",0,1
"5561",5,125,3,111,3,3,"produced",1,370,370,370,370,1,0,1,0,"0","mask",0,1
"5569",5,126,4,117,8,8,"support",1,280,280,280,280,1,0,1,0,"20","valid",0,1
"5577",5,127,5,11,8,8,"great",1,152,152,152,152,1,0,1,0,"20","orth",0,1
"5581",5,128,6,55,3,3,"victim's",1,355,NA,945,945,3,0,3,0,"20","mask",0,1
"5590",5,129,1,39,4,4,"lying",1,257,257,257,257,1,0,1,0,"0","valid",0,1
"5607",5,131,3,57,8,8,"ugly",1,183,183,183,493,1,1,2,1,"0","mask",0,1
"5613",5,132,4,121,6,6,"clean",1,508,508,508,508,1,0,1,0,"20","valid",0,1
"5619",5,133,5,29,7,7,"short",1,NA,NA,NA,169,0,1,1,1,"20","orth",0,1
"5626",5,134,6,41,5,5,"child",1,245,245,245,245,1,0,1,0,"20","mask",0,1
"5637",5,135,1,21,5,5,"slow",1,318,318,318,318,1,0,1,0,"0","valid",0,1
"5652",5,136,2,18,6,6,"wealthy",1,278,278,278,278,1,0,1,0,"0","orth",0,1
"5658",5,137,3,118,4,4,"judge",1,316,316,316,316,1,0,1,0,"0","mask",0,1
"5667",5,138,4,76,8,8,"funky",1,260,260,260,260,1,0,1,0,"20","valid",0,1
"5681",6,2,1,120,5,5,"another",1,276,276,276,276,1,0,1,0,"0","valid",0,1
"5690",6,3,2,16,4,4,"remove",1,302,302,302,302,1,0,1,0,"0","orth",0,1
"5703",6,4,3,123,7,7,"designer",1,213,213,213,366,1,1,2,1,"0","mask",0,1
"5713",6,5,4,81,8,8,"took",1,NA,NA,NA,204,0,1,1,1,"20","valid",0,1
"5724",6,6,5,13,7,7,"streams",1,251,251,251,474,1,1,2,1,"20","orth",0,1
"5733",6,7,6,44,7,7,"recent",1,243,NA,450,630,2,1,3,1,"20","mask",0,1
"5744",6,8,1,71,11,11,"local",1,295,295,295,295,1,0,1,0,"0","valid",0,1
"5755",6,9,2,131,13,13,"loud",1,224,224,224,443,1,1,2,1,"0","orth",0,1
"5763",6,10,3,136,10,10,"proper",1,205,205,205,383,1,1,2,1,"0","mask",0,1
"5768",6,11,4,24,4,4,"fancy",1,247,247,247,247,1,0,1,0,"20","valid",0,1
"5780",6,12,5,137,10,10,"could",1,309,309,309,309,1,0,1,0,"20","orth",0,1
"5785",6,13,6,130,4,4,"their",1,182,182,182,419,1,1,2,1,"20","mask",0,1
"5795",6,14,1,64,7,7,"helped",1,147,147,147,321,1,1,2,1,"0","valid",0,1
"5801",6,15,2,108,3,3,"summer",1,179,179,179,179,1,0,1,0,"0","orth",0,1
"5813",6,16,3,20,10,10,"quick",1,233,233,233,233,1,0,1,0,"0","mask",0,1
"5820",6,17,4,56,5,5,"dramatic",1,224,224,224,550,1,2,3,1,"20","valid",0,1
"5830",6,18,5,124,5,5,"ripped",1,122,122,122,122,1,0,1,0,"20","orth",0,1
"5836",6,19,6,104,5,5,"chimney",1,203,203,203,656,1,2,3,1,"20","mask",0,1
"5847",6,20,1,133,9,9,"strange",1,NA,NA,NA,384,0,2,2,1,"0","valid",0,1
"5856",6,21,2,86,8,8,"quietly",1,269,269,269,269,1,0,1,0,"0","orth",0,1
"5868",6,22,3,5,9,9,"broken",1,235,235,235,601,1,2,3,1,"0","mask",0,1
"5873",6,23,4,116,4,4,"tender",1,452,452,452,452,1,0,1,0,"20","valid",0,1
"5880",6,24,5,127,5,5,"strange",1,166,166,166,166,1,0,1,0,"20","orth",0,1
"5886",6,25,6,87,4,4,"seemed",1,208,208,208,208,1,0,1,0,"20","mask",0,1
"5894",6,26,1,100,4,4,"long",1,222,222,222,222,1,0,1,0,"0","valid",0,1
"5901",6,27,2,94,4,4,"looked",1,207,207,207,207,1,0,1,0,"0","orth",0,1
"5910",6,28,3,54,4,4,"crisp",1,172,172,172,384,1,1,2,1,"0","mask",0,1
"5921",6,29,4,85,7,7,"quickly",1,193,193,193,193,1,0,1,0,"20","valid",0,1
"5929",6,30,5,28,3,3,"large",1,175,175,175,330,1,1,2,1,"20","orth",0,1
"5935",6,31,6,92,5,5,"brown",1,342,342,342,342,1,0,1,0,"20","mask",0,1
"5945",6,32,1,3,6,6,"distinct",1,609,609,609,1153,1,2,3,1,"0","valid",0,1
"5956",6,33,2,43,8,8,"green",1,258,258,258,258,1,0,1,0,"0","orth",0,1
"5966",6,34,3,6,6,6,"record",1,224,NA,353,731,2,2,4,1,"0","mask",0,1
"5978",6,35,4,12,7,7,"first",1,271,271,271,542,1,1,2,1,"20","valid",0,1
"5987",6,36,5,112,6,6,"funny",1,147,147,147,147,1,0,1,0,"20","orth",0,1
"5995",6,37,6,90,10,10,"charging",1,250,NA,601,873,2,1,3,1,"20","mask",0,1
"6002",6,38,1,47,7,7,"running",1,262,262,262,262,1,0,1,0,"0","valid",0,1
"6012",6,39,2,129,7,7,"scented",1,219,219,219,219,1,0,1,0,"0","orth",0,1
"6034",6,41,4,58,5,5,"bottom",1,160,160,160,160,1,0,1,0,"20","valid",0,1
"6046",6,42,5,53,7,7,"still",1,193,193,193,363,1,1,2,1,"20","orth",0,1
"6051",6,43,6,101,3,3,"strong",1,248,248,248,607,1,2,3,1,"20","mask",0,1
"6059",6,44,1,106,6,6,"sudden",1,215,215,215,215,1,0,1,0,"0","valid",0,1
"6067",6,45,2,30,7,7,"cold",1,194,194,194,194,1,0,1,0,"0","orth",0,1
"6073",6,46,3,65,4,4,"come",1,209,209,209,402,1,1,2,1,"0","mask",0,1
"6085",6,47,4,60,6,6,"evil",1,NA,NA,NA,133,0,1,1,1,"20","valid",0,1
"6091",6,48,5,82,4,4,"couldn't",1,167,167,167,167,1,0,1,0,"20","orth",0,1
"6101",6,49,6,93,9,9,"special",1,240,240,240,240,1,0,1,0,"20","mask",0,1
"6122",6,51,2,42,10,10,"carving",1,183,NA,363,363,2,0,2,0,"0","orth",0,1
"6126",6,52,3,88,5,5,"small",1,218,218,218,218,1,0,1,0,"0","mask",0,1
"6136",6,53,4,84,5,5,"empty",1,208,208,208,431,1,1,2,1,"20","valid",0,1
"6149",6,54,5,26,9,9,"luxury",1,NA,NA,NA,163,0,1,1,1,"20","orth",0,1
"6159",6,55,6,15,8,8,"people",1,256,256,256,484,1,1,2,1,"20","mask",0,1
"6168",6,56,1,66,7,7,"mutual",1,259,259,259,672,1,2,3,1,"0","valid",0,1
"6177",6,57,2,134,6,6,"sudden",1,166,166,166,166,1,0,1,0,"0","orth",0,1
"6187",6,58,3,49,6,6,"head",1,292,292,292,292,1,0,1,0,"0","mask",0,1
"6194",6,59,4,78,5,5,"tiny",1,154,154,154,154,1,0,1,0,"20","valid",0,1
"6204",6,60,5,32,4,4,"never",1,179,179,179,313,1,1,2,1,"20","orth",0,1
"6218",6,61,6,96,9,9,"thick",1,298,298,298,298,1,0,1,0,"20","mask",0,1
"6229",6,62,1,37,8,8,"finished",1,280,280,280,280,1,0,1,0,"0","valid",0,1
"6236",6,63,2,67,7,7,"good",1,258,258,258,258,1,0,1,0,"0","orth",0,1
"6246",6,64,3,91,10,10,"home",1,214,214,214,367,1,1,2,1,"0","mask",0,1
"6253",6,65,4,119,7,7,"white",1,218,218,218,346,1,1,2,1,"20","valid",0,1
"6260",6,66,5,132,6,6,"properly",1,215,215,215,416,1,1,2,1,"20","orth",0,1
"6269",6,67,6,72,6,6,"utter",1,164,164,164,164,1,0,1,0,"20","mask",0,1
"6283",6,68,1,19,10,10,"small",1,162,162,162,407,1,1,2,1,"0","valid",0,1
"6289",6,69,2,22,7,7,"blue",1,245,245,245,245,1,0,1,0,"0","orth",0,1
"6300",6,70,3,38,12,12,"longer",1,194,194,194,194,1,0,1,0,"0","mask",0,1
"6311",6,72,5,36,4,4,"eternal",1,525,525,525,985,1,2,3,1,"20","orth",0,1
"6317",6,73,6,109,6,6,"expected",1,229,NA,759,884,3,1,4,1,"20","mask",0,1
"6326",6,74,1,34,5,5,"short",1,184,184,184,374,1,1,2,1,"0","valid",0,1
"6333",6,75,2,126,3,3,"hired",1,257,257,257,491,1,1,2,1,"0","orth",0,1
"6344",6,76,3,50,6,6,"somehow",1,198,NA,497,708,3,1,4,1,"0","mask",0,1
"6352",6,77,4,31,6,6,"contact",1,342,342,342,342,1,0,1,0,"20","valid",0,1
"6363",6,78,5,35,7,7,"constant",1,218,218,218,462,1,1,2,1,"20","orth",0,1
"6370",6,79,6,80,9,9,"house",1,236,236,236,236,1,0,1,0,"20","mask",0,1
"6376",6,80,1,63,6,6,"friendly",1,223,NA,343,343,2,0,2,0,"0","valid",0,1
"6388",6,81,2,51,10,10,"without",1,220,220,220,220,1,0,1,0,"0","orth",0,1
"6405",6,83,4,77,8,8,"brass",1,302,302,302,799,1,2,3,1,"20","valid",0,1
"6414",6,84,5,73,6,6,"several",1,533,533,533,685,1,1,2,1,"20","orth",0,1
"6423",6,85,6,125,6,6,"dense",1,197,197,197,439,1,1,2,1,"20","mask",0,1
"6433",6,86,1,45,4,4,"great",1,211,211,211,211,1,0,1,0,"0","valid",0,1
"6445",6,87,2,99,9,9,"slight",1,212,212,212,212,1,0,1,0,"0","orth",0,1
"6469",6,90,5,74,4,4,"good",1,234,234,234,234,1,0,1,0,"20","orth",0,1
"6478",6,91,6,8,4,4,"very",1,209,209,209,398,1,1,2,1,"20","mask",0,1
"6500",6,93,2,69,8,8,"clothes",1,172,172,172,172,1,0,1,0,"0","orth",0,1
"6506",6,94,3,103,5,5,"rising",1,163,163,163,163,1,0,1,0,"0","mask",0,1
"6518",6,95,4,128,7,7,"social",1,217,217,217,217,1,0,1,0,"20","valid",0,1
"6527",6,96,5,17,5,5,"light",1,228,228,228,228,1,0,1,0,"20","orth",0,1
"6540",6,97,6,75,10,10,"well",1,178,178,178,412,1,1,2,1,"20","mask",0,1
"6549",6,98,1,62,9,9,"ocean",1,167,167,167,167,1,0,1,0,"0","valid",0,1
"6554",6,99,2,2,3,3,"left",1,NA,NA,NA,300,0,1,1,1,"0","orth",0,1
"6565",6,100,3,48,6,6,"peaceful",1,302,302,302,302,1,0,1,0,"0","mask",0,1
"6572",6,101,4,25,4,4,"finally",1,253,253,253,489,1,1,2,1,"20","valid",0,1
"6584",6,102,5,105,7,7,"stomach",1,272,272,272,272,1,0,1,0,"20","orth",0,1
"6592",6,103,6,46,7,7,"fist",1,226,226,226,344,1,1,2,1,"20","mask",0,1
"6602",6,104,1,68,10,10,"last",1,228,228,228,228,1,0,1,0,"0","valid",0,1
"6609",6,105,2,27,5,5,"large",1,202,202,202,202,1,0,1,0,"0","orth",0,1
"6617",6,106,3,79,6,6,"gorgeous",1,178,178,178,178,1,0,1,0,"0","mask",0,1
"6625",6,107,4,40,7,7,"first",1,270,NA,438,438,2,0,2,0,"20","valid",0,1
"6633",6,108,5,83,5,5,"plastic",1,244,244,244,244,1,0,1,0,"20","orth",0,1
"6643",6,109,6,89,5,5,"would",1,NA,NA,NA,297,0,2,2,1,"20","mask",0,1
"6656",6,110,1,95,6,6,"ripe",1,231,231,231,423,1,1,2,1,"0","valid",0,1
"6662",6,111,2,61,5,5,"before",1,223,223,223,450,1,1,2,1,"0","orth",0,1
"6669",6,112,3,10,3,3,"applied",1,251,251,251,524,1,1,2,1,"0","mask",0,1
"6679",6,113,4,33,7,7,"would",1,228,228,228,228,1,0,1,0,"20","valid",0,1
"6696",6,115,6,23,7,7,"eaten",1,328,328,328,328,1,0,1,0,"20","mask",0,1
"6707",6,116,1,113,6,6,"land",1,278,278,278,431,1,1,2,1,"0","valid",0,1
"6716",6,117,2,70,5,5,"feel",1,224,224,224,224,1,0,1,0,"0","orth",0,1
"6723",6,118,3,138,5,5,"snow",1,327,327,327,327,1,0,1,0,"0","mask",0,1
"6736",6,119,4,9,8,8,"great",1,219,219,219,367,1,1,2,1,"20","valid",0,1
"6746",6,120,5,59,6,6,"could",1,294,294,294,294,1,0,1,0,"20","orth",0,1
"6758",6,121,6,14,7,7,"grassy",1,237,237,237,237,1,0,1,0,"20","mask",0,1
"6765",6,122,1,135,5,5,"horrible",1,231,231,231,231,1,0,1,0,"0","valid",0,1
"6772",6,123,2,1,5,5,"large",1,185,185,185,185,1,0,1,0,"0","orth",0,1
"6784",6,124,3,102,7,7,"very",1,281,281,281,281,1,0,1,0,"0","mask",0,1
"6790",6,125,4,111,3,3,"produced",1,299,299,299,505,1,1,2,1,"20","valid",0,1
"6797",6,126,5,117,8,8,"support",1,227,227,227,500,1,1,2,1,"20","orth",0,1
"6807",6,127,6,11,8,8,"great",1,181,181,181,181,1,0,1,0,"20","mask",0,1
"6813",6,128,1,55,3,3,"victim's",1,282,282,282,514,1,1,2,1,"0","valid",0,1
"6824",6,129,2,39,4,4,"lying",1,188,188,188,559,1,2,3,1,"0","orth",0,1
"6838",6,130,3,107,11,11,"salt",1,NA,NA,NA,218,0,1,1,1,"0","mask",0,1
"6847",6,131,4,57,8,8,"ugly",1,230,230,230,230,1,0,1,0,"20","valid",0,1
"6855",6,132,5,121,6,6,"clean",1,416,416,416,726,1,1,2,1,"20","orth",0,1
"6862",6,133,6,29,7,7,"short",1,NA,NA,NA,179,0,1,1,1,"20","mask",0,1
"6873",6,134,1,41,5,5,"child",1,187,NA,360,595,2,1,3,1,"0","valid",0,1
"6883",6,135,2,21,5,5,"slow",1,257,NA,341,341,2,0,2,0,"0","orth",0,1
"6895",6,136,3,18,6,6,"wealthy",1,341,341,341,341,1,0,1,0,"0","mask",0,1
"6901",6,137,4,118,4,4,"judge",1,NA,NA,NA,383,0,1,1,1,"20","valid",0,1
"6911",6,138,5,76,8,8,"funky",1,424,424,424,424,1,0,1,0,"20","orth",0,1
"6920",7,1,1,110,7,7,"were",1,NA,NA,NA,138,0,1,1,1,"0","valid",0,1
"6929",7,2,2,120,5,5,"another",1,124,124,124,124,1,0,1,0,"0","orth",0,1
"6935",7,3,3,16,4,4,"remove",1,210,210,210,368,1,1,2,1,"0","mask",0,1
"6947",7,4,4,123,7,7,"designer",1,161,161,161,161,1,0,1,0,"20","valid",0,1
"6956",7,5,5,81,8,8,"took",1,NA,NA,NA,164,0,1,1,1,"20","orth",0,1
"6968",7,6,6,13,7,7,"streams",1,154,154,154,632,1,2,3,1,"20","mask",0,1
"6976",7,7,1,44,7,7,"recent",1,359,359,359,359,1,0,1,0,"0","valid",0,1
"6987",7,8,2,71,11,11,"local",1,145,145,145,145,1,0,1,0,"0","orth",0,1
"7006",7,10,4,136,10,10,"proper",1,165,165,165,388,1,1,2,1,"20","valid",0,1
"7013",7,11,5,24,4,4,"fancy",1,275,275,275,579,1,1,2,1,"20","orth",0,1
"7023",7,12,6,137,10,10,"could",1,193,193,193,193,1,0,1,0,"20","mask",0,1
"7039",7,14,2,64,7,7,"helped",1,180,NA,343,343,2,0,2,0,"0","orth",0,1
"7045",7,15,3,108,3,3,"summer",1,NA,NA,NA,171,0,1,1,1,"0","mask",0,1
"7056",7,16,4,20,10,10,"quick",1,153,153,153,153,1,0,1,0,"20","valid",0,1
"7064",7,17,5,56,5,5,"dramatic",1,207,207,207,207,1,0,1,0,"20","orth",0,1
"7074",7,18,6,124,5,5,"ripped",1,287,287,287,400,1,1,2,1,"20","mask",0,1
"7081",7,19,1,104,5,5,"chimney",1,202,202,202,202,1,0,1,0,"0","valid",0,1
"7093",7,20,2,133,9,9,"strange",1,176,176,176,176,1,0,1,0,"0","orth",0,1
"7100",7,21,3,86,8,8,"quietly",1,177,177,177,177,1,0,1,0,"0","mask",0,1
"7108",7,22,4,5,9,9,"broken",1,194,194,194,194,1,0,1,0,"20","valid",0,1
"7117",7,23,5,116,4,4,"tender",1,156,156,156,156,1,0,1,0,"20","orth",0,1
"7123",7,24,6,127,5,5,"strange",1,338,338,338,338,1,0,1,0,"20","mask",0,1
"7130",7,25,1,87,4,4,"seemed",1,NA,NA,NA,180,0,1,1,1,"0","valid",0,1
"7137",7,26,2,100,4,4,"long",1,155,155,155,155,1,0,1,0,"0","orth",0,1
"7157",7,28,4,54,4,4,"crisp",1,155,155,155,596,1,2,3,1,"20","valid",0,1
"7167",7,29,5,85,7,7,"quickly",1,160,160,160,160,1,0,1,0,"20","orth",0,1
"7173",7,30,6,28,3,3,"large",1,149,149,149,149,1,0,1,0,"20","mask",0,1
"7183",7,31,1,92,5,5,"brown",1,NA,NA,NA,179,0,1,1,1,"0","valid",0,1
"7191",7,32,2,3,6,6,"distinct",1,182,182,182,182,1,0,1,0,"0","orth",0,1
"7209",7,34,4,6,6,6,"record",1,NA,NA,NA,500,0,1,1,1,"20","valid",0,1
"7217",7,35,5,12,7,7,"first",1,NA,NA,NA,287,0,1,1,1,"20","orth",0,1
"7235",7,37,1,90,10,10,"charging",1,294,294,294,294,1,0,1,0,"0","valid",0,1
"7243",7,38,2,47,7,7,"running",1,155,155,155,155,1,0,1,0,"0","orth",0,1
"7248",7,39,3,129,7,7,"scented",1,149,NA,319,496,2,1,3,1,"0","mask",0,1
"7258",7,40,4,4,9,9,"losing",1,204,204,204,204,1,0,1,0,"20","valid",0,1
"7268",7,41,5,58,5,5,"bottom",1,141,141,141,141,1,0,1,0,"20","orth",0,1
"7278",7,42,6,53,7,7,"still",1,NA,NA,NA,165,0,1,1,1,"20","mask",0,1
"7293",7,44,2,106,6,6,"sudden",1,209,209,209,209,1,0,1,0,"0","orth",0,1
"7301",7,45,3,30,7,7,"cold",1,141,141,141,141,1,0,1,0,"0","mask",0,1
"7307",7,46,4,65,4,4,"come",1,NA,NA,NA,100,0,1,1,1,"20","valid",0,1
"7321",7,47,5,60,6,6,"evil",1,NA,NA,NA,144,0,1,1,1,"20","orth",0,1
"7328",7,48,6,82,4,4,"couldn't",1,238,238,238,238,1,0,1,0,"20","mask",0,1
"7336",7,49,1,93,9,9,"special",1,151,NA,301,301,2,0,2,0,"0","valid",0,1
"7355",7,51,3,42,10,10,"carving",1,166,166,166,670,1,3,4,1,"0","mask",0,1
"7359",7,52,4,88,5,5,"small",1,366,366,366,366,1,0,1,0,"20","valid",0,1
"7367",7,53,5,84,5,5,"empty",1,184,184,184,184,1,0,1,0,"20","orth",0,1
"7379",7,54,6,26,9,9,"luxury",1,312,312,312,518,1,1,2,1,"20","mask",0,1
"7388",7,55,1,15,8,8,"people",1,209,209,209,442,1,2,3,1,"0","valid",0,1
"7396",7,56,2,66,7,7,"mutual",1,171,171,171,475,1,2,3,1,"0","orth",0,1
"7404",7,57,3,134,6,6,"sudden",1,163,163,163,163,1,0,1,0,"0","mask",0,1
"7412",7,58,4,49,6,6,"head",1,NA,NA,NA,254,0,1,1,1,"20","valid",0,1
"7418",7,59,5,78,5,5,"tiny",1,401,401,401,401,1,0,1,0,"20","orth",0,1
"7440",7,61,1,96,9,9,"thick",1,208,208,208,208,1,0,1,0,"0","valid",0,1
"7448",7,62,2,37,8,8,"finished",1,204,204,204,204,1,0,1,0,"0","orth",0,1
"7455",7,63,3,67,7,7,"good",1,160,160,160,160,1,0,1,0,"0","mask",0,1
"7466",7,64,4,91,10,10,"home",1,358,358,358,358,1,0,1,0,"20","valid",0,1
"7474",7,65,5,119,7,7,"white",1,NA,NA,NA,240,0,1,1,1,"20","orth",0,1
"7482",7,66,6,132,6,6,"properly",1,137,NA,269,483,2,1,3,1,"20","mask",0,1
"7490",7,67,1,72,6,6,"utter",1,298,298,298,298,1,0,1,0,"0","valid",0,1
"7501",7,68,2,19,10,10,"small",1,150,150,150,150,1,0,1,0,"0","orth",0,1
"7508",7,69,3,22,7,7,"blue",1,154,154,154,154,1,0,1,0,"0","mask",0,1
"7518",7,70,4,38,12,12,"longer",1,184,184,184,373,1,1,2,1,"20","valid",0,1
"7525",7,71,5,115,6,6,"avoid",1,NA,NA,NA,195,0,1,1,1,"20","orth",0,1
"7530",7,72,6,36,4,4,"eternal",1,250,NA,602,602,2,0,2,0,"20","mask",0,1
"7537",7,73,1,109,6,6,"expected",1,334,334,334,1159,1,5,6,1,"0","valid",0,1
"7543",7,74,2,34,5,5,"short",1,153,153,153,153,1,0,1,0,"0","orth",0,1
"7550",7,75,3,126,3,3,"hired",1,149,149,149,149,1,0,1,0,"0","mask",0,1
"7561",7,76,4,50,6,6,"somehow",1,239,239,239,387,1,1,2,1,"20","valid",0,1
"7570",7,77,5,31,6,6,"contact",1,264,264,264,264,1,0,1,0,"20","orth",0,1
"7581",7,78,6,35,7,7,"constant",1,162,162,162,293,1,1,2,1,"20","mask",0,1
"7597",7,80,2,63,6,6,"friendly",1,202,NA,610,610,3,0,3,0,"0","orth",0,1
"7609",7,81,3,51,10,10,"without",1,174,174,174,174,1,0,1,0,"0","mask",0,1
"7624",7,83,5,77,8,8,"brass",1,189,189,189,345,1,1,2,1,"20","orth",0,1
"7632",7,84,6,73,6,6,"several",1,299,299,299,924,1,2,3,1,"20","mask",0,1
"7642",7,85,1,125,6,6,"dense",1,381,381,381,381,1,0,1,0,"0","valid",0,1
"7661",7,87,3,99,9,9,"slight",1,150,150,150,380,1,1,2,1,"0","mask",0,1
"7671",7,88,4,97,11,11,"wild",1,151,151,151,348,1,1,2,1,"20","valid",0,1
"7688",7,90,6,74,4,4,"good",1,NA,NA,NA,126,0,1,1,1,"20","mask",0,1
"7697",7,91,1,8,4,4,"very",1,160,160,160,160,1,0,1,0,"0","valid",0,1
"7708",7,92,2,7,8,8,"their",1,221,221,221,380,1,1,2,1,"0","orth",0,1
"7719",7,93,3,69,8,8,"clothes",1,389,389,389,573,1,1,2,1,"0","mask",0,1
"7726",7,94,4,103,5,5,"rising",1,151,151,151,571,1,2,3,1,"20","valid",0,1
"7738",7,95,5,128,7,7,"social",1,186,186,186,358,1,1,2,1,"20","orth",0,1
"7748",7,96,6,17,5,5,"light",1,NA,NA,NA,555,0,1,1,1,"20","mask",0,1
"7762",7,97,1,75,10,10,"well",1,337,337,337,337,1,0,1,0,"0","valid",0,1
"7770",7,98,2,62,9,9,"ocean",1,202,202,202,202,1,0,1,0,"0","orth",0,1
"7776",7,99,3,2,3,3,"left",1,153,153,153,303,1,1,2,1,"0","mask",0,1
"7788",7,100,4,48,6,6,"peaceful",1,311,311,311,522,1,1,2,1,"20","valid",0,1
"7797",7,101,5,25,4,4,"finally",1,144,NA,295,295,2,0,2,0,"20","orth",0,1
"7808",7,102,6,105,7,7,"stomach",1,NA,NA,NA,154,0,1,1,1,"20","mask",0,1
"7817",7,103,1,46,7,7,"fist",1,82,82,82,82,1,0,1,0,"0","valid",0,1
"7829",7,104,2,68,10,10,"last",1,191,191,191,424,1,1,2,1,"0","orth",0,1
"7835",7,105,3,27,5,5,"large",1,223,223,223,223,1,0,1,0,"0","mask",0,1
"7843",7,106,4,79,6,6,"gorgeous",1,350,350,350,350,1,0,1,0,"20","valid",0,1
"7850",7,107,5,40,7,7,"first",1,367,367,367,546,1,1,2,1,"20","orth",0,1
"7858",7,108,6,83,5,5,"plastic",1,209,209,209,209,1,0,1,0,"20","mask",0,1
"7877",7,110,2,95,6,6,"ripe",1,167,167,167,167,1,0,1,0,"0","orth",0,1
"7886",7,111,3,61,5,5,"before",1,156,156,156,156,1,0,1,0,"0","mask",0,1
"7898",7,112,4,10,3,3,"applied",1,NA,NA,NA,448,0,2,2,1,"20","valid",0,1
"7911",7,113,5,33,7,7,"would",1,NA,NA,NA,140,0,1,1,1,"20","orth",0,1
"7918",7,114,6,122,4,4,"tavern",1,140,140,140,439,1,2,3,1,"20","mask",0,1
"7928",7,115,1,23,7,7,"eaten",1,123,123,123,123,1,0,1,0,"0","valid",0,1
"7935",7,116,2,113,6,6,"land",1,311,311,311,311,1,0,1,0,"0","orth",0,1
"7942",7,117,3,70,5,5,"feel",1,163,163,163,163,1,0,1,0,"0","mask",0,1
"7950",7,118,4,138,5,5,"snow",1,NA,NA,NA,221,0,1,1,1,"20","valid",0,1
"7960",7,119,5,9,8,8,"great",1,341,341,341,614,1,2,3,1,"20","orth",0,1
"7969",7,120,6,59,6,6,"could",1,144,NA,284,401,2,1,3,1,"20","mask",0,1
"7981",7,121,1,14,7,7,"grassy",1,161,161,161,161,1,0,1,0,"0","valid",0,1
"7988",7,122,2,135,5,5,"horrible",1,181,181,181,181,1,0,1,0,"0","orth",0,1
"7997",7,123,3,1,5,5,"large",1,172,172,172,389,1,1,2,1,"0","mask",0,1
"8010",7,124,4,102,7,7,"very",1,NA,NA,NA,247,0,1,1,1,"20","valid",0,1
"8016",7,125,5,111,3,3,"produced",1,174,174,174,491,1,2,3,1,"20","orth",0,1
"8025",7,126,6,117,8,8,"support",1,249,249,249,394,1,1,2,1,"20","mask",0,1
"8036",7,127,1,11,8,8,"great",1,NA,NA,NA,216,0,1,1,1,"0","valid",0,1
"8043",7,128,2,55,3,3,"victim's",1,146,146,146,342,1,1,2,1,"0","orth",0,1
"8054",7,129,3,39,4,4,"lying",1,157,157,157,512,1,2,3,1,"0","mask",0,1
"8075",7,131,5,57,8,8,"ugly",1,339,339,339,339,1,0,1,0,"20","orth",0,1
"8083",7,132,6,121,6,6,"clean",1,157,157,157,157,1,0,1,0,"20","mask",0,1
"8089",7,133,1,29,7,7,"short",1,158,158,158,158,1,0,1,0,"0","valid",0,1
"8097",7,134,2,41,5,5,"child",1,157,NA,405,535,3,1,4,1,"0","orth",0,1
"8107",7,135,3,21,5,5,"slow",1,214,214,214,214,1,0,1,0,"0","mask",0,1
"8119",7,136,4,18,6,6,"wealthy",1,172,172,172,448,1,1,2,1,"20","valid",0,1
"8126",7,137,5,118,4,4,"judge",1,389,389,389,628,1,1,2,1,"20","orth",0,1
"8136",7,138,6,76,8,8,"funky",1,187,187,187,389,1,1,2,1,"20","mask",0,1
"8146",8,1,2,110,7,7,"were",1,315,315,315,585,1,1,2,1,"0","orth",0,1
"8154",8,2,3,120,5,5,"another",1,246,246,246,477,1,1,2,1,"0","mask",0,1
"8163",8,3,4,16,4,4,"remove",1,186,186,186,186,1,0,1,0,"20","valid",0,1
"8173",8,4,5,123,7,7,"designer",1,262,262,262,262,1,0,1,0,"20","orth",0,1
"8194",8,6,1,13,7,7,"streams",1,199,199,199,375,1,1,2,1,"0","valid",0,1
"8203",8,7,2,44,7,7,"recent",1,216,216,216,216,1,0,1,0,"0","orth",0,1
"8216",8,8,3,71,11,11,"local",1,186,186,186,379,1,1,2,1,"0","mask",0,1
"8227",8,9,4,131,13,13,"loud",1,217,217,217,217,1,0,1,0,"20","valid",0,1
"8235",8,10,5,136,10,10,"proper",1,228,228,228,473,1,1,2,1,"20","orth",0,1
"8242",8,11,6,24,4,4,"fancy",1,235,NA,389,612,2,1,3,1,"20","mask",0,1
"8256",8,12,1,137,10,10,"could",1,170,170,170,170,1,0,1,0,"0","valid",0,1
"8272",8,14,3,64,7,7,"helped",1,175,175,175,562,1,2,3,1,"0","mask",0,1
"8278",8,15,4,108,3,3,"summer",1,139,139,139,139,1,0,1,0,"20","valid",0,1
"8294",8,16,5,20,10,10,"quick",1,243,243,243,243,1,0,1,0,"20","orth",0,1
"8301",8,17,6,56,5,5,"dramatic",1,196,196,196,746,1,3,4,1,"20","mask",0,1
"8315",8,18,1,124,5,5,"ripped",1,225,225,225,413,1,1,2,1,"0","valid",0,1
"8321",8,19,2,104,5,5,"chimney",1,283,NA,457,457,2,0,2,0,"0","orth",0,1
"8331",8,20,3,133,9,9,"strange",1,166,166,166,337,1,1,2,1,"0","mask",0,1
"8340",8,21,4,86,8,8,"quietly",1,281,281,281,281,1,0,1,0,"20","valid",0,1
"8351",8,22,5,5,9,9,"broken",1,197,197,197,754,1,2,3,1,"20","orth",0,1
"8358",8,23,6,116,4,4,"tender",1,230,230,230,459,1,1,2,1,"20","mask",0,1
"8366",8,24,1,127,5,5,"strange",1,261,261,261,261,1,0,1,0,"0","valid",0,1
"8373",8,25,2,87,4,4,"seemed",1,445,445,445,445,1,0,1,0,"0","orth",0,1
"8382",8,26,3,100,4,4,"long",1,240,240,240,407,1,1,2,1,"0","mask",0,1
"8392",8,27,4,94,4,4,"looked",1,242,242,242,242,1,0,1,0,"20","valid",0,1
"8402",8,28,5,54,4,4,"crisp",1,228,NA,383,383,2,0,2,0,"20","orth",0,1
"8412",8,29,6,85,7,7,"quickly",1,170,170,170,170,1,0,1,0,"20","mask",0,1
"8419",8,30,1,28,3,3,"large",1,188,188,188,511,1,2,3,1,"0","valid",0,1
"8429",8,31,2,92,5,5,"brown",1,197,197,197,544,1,2,3,1,"0","orth",0,1
"8439",8,32,3,3,6,6,"distinct",1,297,NA,385,385,2,0,2,0,"0","mask",0,1
"8452",8,33,4,43,8,8,"green",1,206,206,206,406,1,1,2,1,"20","valid",0,1
"8463",8,34,5,6,6,6,"record",1,170,170,170,970,1,3,4,1,"20","orth",0,1
"8471",8,35,6,12,7,7,"first",1,219,219,219,402,1,1,2,1,"20","mask",0,1
"8489",8,37,2,90,10,10,"charging",1,275,275,275,275,1,0,1,0,"0","orth",0,1
"8499",8,38,3,47,7,7,"running",1,345,345,345,513,1,1,2,1,"0","mask",0,1
"8509",8,39,4,129,7,7,"scented",1,210,210,210,1275,1,4,5,1,"20","valid",0,1
"8519",8,40,5,4,9,9,"losing",1,171,171,171,630,1,1,2,1,"20","orth",0,1
"8542",8,42,1,53,7,7,"still",1,167,167,167,167,1,0,1,0,"0","valid",0,1
"8547",8,43,2,101,3,3,"strong",1,182,182,182,320,1,1,2,1,"0","orth",0,1
"8557",8,44,3,106,6,6,"sudden",1,242,242,242,588,1,2,3,1,"0","mask",0,1
"8567",8,45,4,30,7,7,"cold",1,149,149,149,265,1,1,2,1,"20","valid",0,1
"8574",8,46,5,65,4,4,"come",1,200,200,200,779,1,2,3,1,"20","orth",0,1
"8584",8,47,6,60,6,6,"evil",1,170,170,170,170,1,0,1,0,"20","mask",0,1
"8590",8,48,1,82,4,4,"couldn't",1,177,177,177,177,1,0,1,0,"0","valid",0,1
"8598",8,49,2,93,9,9,"special",1,156,156,156,156,1,0,1,0,"0","orth",0,1
"8609",8,50,3,98,7,7,"first",1,174,174,174,174,1,0,1,0,"0","mask",0,1
"8622",8,51,4,42,10,10,"carving",1,114,114,114,278,1,1,2,1,"20","valid",0,1
"8628",8,52,5,88,5,5,"small",1,194,194,194,194,1,0,1,0,"20","orth",0,1
"8636",8,53,6,84,5,5,"empty",1,198,198,198,198,1,0,1,0,"20","mask",0,1
"8646",8,54,1,26,9,9,"luxury",1,159,159,159,159,1,0,1,0,"0","valid",0,1
"8656",8,55,2,15,8,8,"people",1,NA,NA,NA,309,0,1,1,1,"0","orth",0,1
"8663",8,56,3,66,7,7,"mutual",1,282,282,282,628,1,2,3,1,"0","mask",0,1
"8671",8,57,4,134,6,6,"sudden",1,211,211,211,211,1,0,1,0,"20","valid",0,1
"8688",8,59,6,78,5,5,"tiny",1,246,246,246,509,1,1,2,1,"20","mask",0,1
"8700",8,60,1,32,4,4,"never",1,NA,NA,NA,347,0,2,2,1,"0","valid",0,1
"8712",8,61,2,96,9,9,"thick",1,163,163,163,466,1,2,3,1,"0","orth",0,1
"8723",8,62,3,37,8,8,"finished",1,208,NA,390,390,2,0,2,0,"0","mask",0,1
"8731",8,63,4,67,7,7,"good",1,231,231,231,231,1,0,1,0,"20","valid",0,1
"8745",8,64,5,91,10,10,"home",1,110,110,110,110,1,0,1,0,"20","orth",0,1
"8755",8,65,6,119,7,7,"white",1,315,315,315,315,1,0,1,0,"20","mask",0,1
"8762",8,66,1,132,6,6,"properly",1,217,217,217,354,1,1,2,1,"0","valid",0,1
"8772",8,67,2,72,6,6,"utter",1,171,NA,329,442,2,1,3,1,"0","orth",0,1
"8785",8,68,3,19,10,10,"small",1,252,252,252,674,1,2,3,1,"0","mask",0,1
"8793",8,69,4,22,7,7,"blue",1,220,220,220,220,1,0,1,0,"20","valid",0,1
"8808",8,70,5,38,12,12,"longer",1,223,223,223,376,1,1,2,1,"20","orth",0,1
"8815",8,71,6,115,6,6,"avoid",1,298,298,298,298,1,0,1,0,"20","mask",0,1
"8822",8,72,1,36,4,4,"eternal",1,226,226,226,946,1,2,3,1,"0","valid",0,1
"8831",8,73,2,109,6,6,"expected",1,227,NA,1082,1496,5,2,7,1,"0","orth",0,1
"8838",8,74,3,34,5,5,"short",1,185,185,185,437,1,1,2,1,"0","mask",0,1
"8843",8,75,4,126,3,3,"hired",1,220,220,220,220,1,0,1,0,"20","valid",0,1
"8856",8,76,5,50,6,6,"somehow",1,230,230,230,230,1,0,1,0,"20","orth",0,1
"8864",8,77,6,31,6,6,"contact",1,246,246,246,246,1,0,1,0,"20","mask",0,1
"8876",8,78,1,35,7,7,"constant",1,229,229,229,639,1,2,3,1,"0","valid",0,1
"8885",8,79,2,80,9,9,"house",1,201,NA,309,309,2,0,2,0,"0","orth",0,1
"8891",8,80,3,63,6,6,"friendly",1,262,262,262,262,1,0,1,0,"0","mask",0,1
"8902",8,81,4,51,10,10,"without",1,92,92,92,92,1,0,1,0,"20","valid",0,1
"8911",8,82,5,114,8,8,"right",1,149,149,149,149,1,0,1,0,"20","orth",0,1
"8920",8,83,6,77,8,8,"brass",1,241,241,241,473,1,1,2,1,"20","mask",0,1
"8931",8,84,1,73,6,6,"several",1,298,298,298,609,1,1,2,1,"0","valid",0,1
"8939",8,85,2,125,6,6,"dense",1,148,148,148,148,1,0,1,0,"0","orth",0,1
"8949",8,86,3,45,4,4,"great",1,181,181,181,181,1,0,1,0,"0","mask",0,1
"8962",8,87,4,99,9,9,"slight",1,237,237,237,445,1,1,2,1,"20","valid",0,1
"8975",8,88,5,97,11,11,"wild",1,246,246,246,483,1,1,2,1,"20","orth",0,1
"8983",8,89,6,52,9,9,"would",1,240,240,240,240,1,0,1,0,"20","mask",0,1
"8991",8,90,1,74,4,4,"good",1,164,164,164,781,1,2,3,1,"0","valid",0,1
"9013",8,92,3,7,8,8,"their",1,248,248,248,906,1,3,4,1,"0","mask",0,1
"9024",8,93,4,69,8,8,"clothes",1,267,267,267,267,1,0,1,0,"20","valid",0,1
"9031",8,94,5,103,5,5,"rising",1,219,219,219,219,1,0,1,0,"20","orth",0,1
"9040",8,95,6,128,7,7,"social",1,168,168,168,168,1,0,1,0,"20","mask",0,1
"9049",8,96,1,17,5,5,"light",1,239,239,239,348,1,1,2,1,"0","valid",0,1
"9066",8,98,3,62,9,9,"ocean",1,170,170,170,414,1,1,2,1,"0","mask",0,1
"9071",8,99,4,2,3,3,"left",1,NA,NA,NA,556,0,2,2,1,"20","valid",0,1
"9084",8,100,5,48,6,6,"peaceful",1,245,245,245,245,1,0,1,0,"20","orth",0,1
"9092",8,101,6,25,4,4,"finally",1,321,321,321,321,1,0,1,0,"20","mask",0,1
"9104",8,102,1,105,7,7,"stomach",1,230,230,230,230,1,0,1,0,"0","valid",0,1
"9114",8,103,2,46,7,7,"fist",1,162,162,162,410,1,1,2,1,"0","orth",0,1
"9125",8,104,3,68,10,10,"last",1,244,244,244,244,1,0,1,0,"0","mask",0,1
"9133",8,105,4,27,5,5,"large",1,151,151,151,151,1,0,1,0,"20","valid",0,1
"9142",8,106,5,79,6,6,"gorgeous",1,141,141,141,141,1,0,1,0,"20","orth",0,1
"9156",8,108,1,83,5,5,"plastic",1,233,233,233,233,1,0,1,0,"0","valid",0,1
"9166",8,109,2,89,5,5,"would",1,205,205,205,205,1,0,1,0,"0","orth",0,1
"9179",8,110,3,95,6,6,"ripe",1,201,201,201,358,1,1,2,1,"0","mask",0,1
"9186",8,111,4,61,5,5,"before",1,194,194,194,194,1,0,1,0,"20","valid",0,1
"9197",8,112,5,10,3,3,"applied",1,NA,NA,NA,195,0,1,1,1,"20","orth",0,1
"9217",8,114,1,122,4,4,"tavern",1,191,191,191,532,1,1,2,1,"0","valid",0,1
"9229",8,115,2,23,7,7,"eaten",1,NA,NA,NA,177,0,1,1,1,"0","orth",0,1
"9239",8,116,3,113,6,6,"land",1,327,327,327,1318,1,5,6,1,"0","mask",0,1
"9246",8,117,4,70,5,5,"feel",1,250,250,250,388,1,1,2,1,"20","valid",0,1
"9253",8,118,5,138,5,5,"snow",1,186,186,186,186,1,0,1,0,"20","orth",0,1
"9268",8,119,6,9,8,8,"great",1,244,244,244,624,1,2,3,1,"20","mask",0,1
"9289",8,121,2,14,7,7,"grassy",1,253,253,253,384,1,1,2,1,"0","orth",0,1
"9295",8,122,3,135,5,5,"horrible",1,225,225,225,225,1,0,1,0,"0","mask",0,1
"9303",8,123,4,1,5,5,"large",1,155,155,155,243,1,1,2,1,"20","valid",0,1
"9323",8,125,6,111,3,3,"produced",1,369,369,369,369,1,0,1,0,"20","mask",0,1
"9333",8,126,1,117,8,8,"support",1,177,177,177,177,1,0,1,0,"0","valid",0,1
"9343",8,127,2,11,8,8,"great",1,174,174,174,174,1,0,1,0,"0","orth",0,1
"9351",8,128,3,55,3,3,"victim's",1,110,110,110,363,1,1,2,1,"0","mask",0,1
"9360",8,129,4,39,4,4,"lying",1,NA,NA,NA,305,0,2,2,1,"20","valid",0,1
"9375",8,130,5,107,11,11,"salt",1,274,274,274,274,1,0,1,0,"20","orth",0,1
"9405",8,133,2,29,7,7,"short",1,186,186,186,186,1,0,1,0,"0","orth",0,1
"9411",8,134,3,41,5,5,"child",1,249,249,249,605,1,2,3,1,"0","mask",0,1
"9422",8,135,4,21,5,5,"slow",1,NA,NA,NA,954,0,4,4,1,"20","valid",0,1
"9436",8,136,5,18,6,6,"wealthy",1,169,169,169,553,1,2,3,1,"20","orth",0,1
"9446",8,137,6,118,4,4,"judge",1,228,228,228,816,1,2,3,1,"20","mask",0,1
"9459",8,138,1,76,8,8,"funky",1,231,231,231,334,1,1,2,1,"0","valid",0,1
